ID,제품명,브랜드,연령대,여성 랭킹,남성 랭킹,정가,판매가,평균별점,총리뷰수,용량,SPF,PA,자차 타입,텍스트 요약(소구포인트),주요성분,SPF_cat,상품키워드,리뷰키워드
5338137,파데프리 톤 업 선 크림 50ml,스타라이크,19세 이하,2.0,,24000.0,18900.0,4.8,36,50ml,SPF 50+,PA++++,혼합자차,"소비자 만족도 100%로, 하나만 발라도 예쁜 피부를 연출하는 파데프리 톤업 선크림.
- 입술으로 확인된 24시간 동안 무너짐 없는 결점 커버 효과
- 24시간 메이크업 들뜸 방지 효과 7.01% 개선
- 24시간 안티다크닝 효과 2.47% 개선","징크옥사이드, 티타늄디옥사이드, 에칠헥실메톡시신나메이트, 나이아신아마이드, 세라마이드, 마데카소사이드, 병풀추출물, 토코페롤, 스쿠알란",강력차단,"톤업선크림, 파데프리, 메이크업지속력, 안티다크닝, 결점커버","['커버력', '건조함', '톤업', '발림성좋음', '자연스러움']"
4970857,5GF 톤업 선 앰플 비비 60g [4종 택1],프롬리에,19세 이하,5.0,,34000.0,23800.0,4.7,244,60g,SPF 50+,PA++++,혼합자차,"스킨케어 같은 편안한 성분으로 완성하는 톤업 파데프리 선베이스. 
- 완벽한 모공, 결 커버.
- 다크닝 없이 맑고 투명한 컬러감.
- 들뜸, 끼임, 뭉침 없이 부드러운 발림성 & 밀착력.
- 수분 에센스 71% 함유로 스킨케어 바른 듯 편안한 선베이스.
- 고순도 5GF Liposome 함유.","징크옥사이드, 티타늄디옥사이드, 에칠헥실메톡시신나메이트, 판테놀, 아데노신, 세라마이드, 병풀추출물, 토코페롤",강력차단,"톤업, 파운데이션프리, 선베이스, 모공커버, 피부결","['촉촉함', '톤업', '발림성좋음', '만족도높음', '화사함']"
5242881,바이옴 레미디 톤업 선크림 보라 50ml,유이크,19세 이하,6.0,,27000.0,23500.0,4.9,167,50ml,SPF 50+,PA++++,혼합자차,"올리브영 판매 랭킹 1위 톤업 선크림 보라! 4.5배 톤업 효과로 맑고 깨끗한 피부 표현, 24시간 지속되는 화사함, 민감성 피부도 안심하고 사용할 수 있는 저자극 선크림입니다. 덧발라도 뭉침 없이 메이크업 부스팅 효과까지 선사합니다.","징크옥사이드, 티타늄디옥사이드, 에칠헥실살리실레이트, 판테놀, 세라마이드, 토코페롤",강력차단,"톤업선크림, 피부톤개선, 메이크업부스팅, 저자극, 24시간지속","['발림성좋음', '톤업', '촉촉함', '자연스러움', '만족']"
4942385,글루타치온좀 CC 선크림 토닝 튜브 SPF50+ PA++++ 50ml(+선크림 3EA 랜덤 증정),아비브,19세 이하,7.0,,25000.0,21250.0,4.7,383,50ml,SPF 50+,PA++++,혼합자차,"이제 선CC 하나로 투명하고 예쁜 메이크업을 가볍고 간편하게 완성하세요. 피부에 맞춰 컬러 체인지 되는 신개념 파운데프리 톤업 선CC로, 한 번의 터치로 톤업과 선케어를 동시에 끝낼 수 있습니다. 24시간 지속되는 강력한 자외선 차단 효과와 함께 피부 톤 및 결 개선, 멜라닌 색소 침착 완화까지 기대할 수 있습니다.

- 24시간 톤업 지속
- 피부톤 맞춤 컬러 체인지
- 멜라닌 색소 진정 케어
- 촉촉하고 화사한 톤업 효과

하루 종일 무너짐 없이 톤업 피부를 만들어 보세요.","티타늄디옥사이드, 에칠헥실살리실레이트, 호모살레이트, 나이아신아마이드, 아데노신, 글루타치온",강력차단,"톤업선크림, 파데프리, CC크림, 컬러체인지, 메이크업베이스","['톤업', '촉촉함', '발림성좋음', '파데프리', '자연스러움']"
4189001,애프터 레이 워터리 톤업 선 50ml,씨엔피,19세 이하,9.0,,29000.0,20880.0,4.8,4,50ml,SPF 50+,PA++++,혼합자차,"무기자차와 유기자차 성분을 모두 함유한 혼합자차 선크림으로, 피부 건강을 위한 피부 장벽 강화 및 보습 효과를 선사합니다. 브라이트닝 및 수분 성분으로 톤업 및 촉촉함을 더하며, 2주 사용 후 피부 수분 개선율 144.42%, 피부톤 개선율 1.39%를 보였습니다. 소비자 만족도 100%를 기록했습니다.","징크옥사이드, 티타늄디옥사이드, 에칠헥실살리실레이트, 호모살레이트, 나이아신아마이드",강력차단,"수분 가득, 내추럴 톤업 선, 피부 건강 처방, 브라이트닝, 촉촉한, 시카","['들뜸없음', '만족도높음', '메이크업잘먹음', '밀림없음', '배송빠름']"
5709917,달바 워터풀 톤업 선크림(퍼플) 50ml+50ml,달바,19세 이하,17.0,,68000.0,42400.0,4.7,193,50ml,SPF 50+,PA++++,혼합자차,"달바의 시그니처 제품인 비건 선세럼은 보습과 자외선 차단 기능을 동시에 제공합니다. 끈적임 없이 산뜻한 마무리감으로 메이크업 베이스로 활용하기 좋으며, 피부 진정 및 톤업 효과를 선사합니다. 민감성 피부도 안심하고 사용할 수 있는 비건 포뮬러로 설계되었습니다.","에칠헥실살리실레이트, 호모살레이트, 병풀추출물, 토코페롤",강력차단,"비건선세럼, 자외선차단, 보습, 톤업, 메이크업베이스","['촉촉함', '톤업', '발림성좋음', '만족도높음', '재구매의향있음']"
5967402,[2개] 바이옴 레미디 톤업 선크림 보라 더블 기획세트 (50ml + 50ml),유이크,19세 이하,18.0,,54000.0,32400.0,5.0,50,50ml,SPF 50+,PA++++,혼합자차,올리브영 판매 랭킹 1위 톤업 선크림! 4가지 피부 개선 효과 및 24시간 지속력 테스트 완료. 민감성 피부에도 안심하고 사용할 수 있는 저자극 선크림입니다.,"에칠헥실살리실레이트, 호모살레이트, 나이아신아마이드",강력차단,"톤업 선크림, 민감성 피부, 자외선 차단, 피부 개선, 메이크업 밀착","['톤업', '촉촉함', '끈적임없음', '자연스러움', '데일리사용']"
4238369,마스크 핏 쿨 선 쿠션,티르티르,19세 이하,19.0,,27000.0,18900.0,4.7,97,18g,SPF 50+,PA++++,혼합자차,"마스크 속 답답함과 덥고 끈적이는 피부에 시원함을 선사하는 쿨링 선 쿠션입니다. 30시간 메이크업 지속력과 마스크 묻어남 방지 효과를 제공하며, 피부 톤을 자연스럽게 밝혀줍니다. 또한, 해양 생태계를 고려한 리프세이프 포뮬러로 민감한 피부도 안심하고 사용할 수 있습니다.","징크옥사이드, 티타늄디옥사이드, 나이아신아마이드",강력차단,"마스크팩 쿨 선쿠션, 30시간 지속력, 쿨링 효과, 마스크 묻어남 방지, 자연스러운 톤업","['촉촉함', '쿨링감', '톤업', '만족', '만족도높음']"
5709902,달바 워터풀 톤업 선크림 50ml+50ml,달바,19세 이하,20.0,,68000.0,44100.0,4.8,407,50ml,SPF 50+,PA++++,혼합자차,겨울철 눈/비에도 안심하고 사용할 수 있도록 튼튼한 택배 상자로 안전하게 배송해 드립니다.,"징크옥사이드, 에칠헥실메톡시신나메이트, 에칠헥실살리실레이트, 나이아신아마이드, 아데노신, 토코페롤, 쑥",강력차단,"달바, 미백, 주름, 자외선 차단, 화이트 트러플, 톤업, 수분, 진정, 피부결","['촉촉함', '발림성좋음', '톤업', '만족도높음', '재구매의향있음']"
3884317,선데이 보라 톤업 선 세럼 55ml [SPF50+/PA++++],에딧비,19세 이하,22.0,,25000.0,13750.0,4.7,285,55ml,SPF 50+,PA++++,유기자차,"에센스 제형으로 수분감이 풍부한 톤업 선세럼입니다. 답답함 없이 산뜻하게 발리며, 메이크업 베이스 겸용으로 사용 가능합니다. 피부에 자연스러운 톤업 효과를 선사합니다.","티타늄디옥사이드, 나이아신아마이드, 아데노신, 세라마이드, 토코페롤",강력차단,"톤업선세럼, 수분광채, 메이크업베이스, 톤업, 산뜻함","['촉촉함', '톤업', '발림성좋음', '끈적임없음', '자연스러움']"
5821306,히알루론산 물톡스 물빛 광채 선 세럼 (레드 콜라겐 클리어 15ml + 비건비타민 클리어 15ml),메디필,19세 이하,24.0,,37000.0,8900.0,4.9,9,50ml,SPF 50+,PA+++,유기자차,"촉촉한 수분 광채를 선사하는 톤업 선세럼. 저자극 포뮬러로 민감한 피부에도 안심하고 사용할 수 있습니다. 끈적임 없이 산뜻하게 발리며, 메디필만의 독자 성분과 히알루론산이 함유되어 피부 속부터 탄탄하게 가꿔줍니다. 1회 사용만으로도 피부 온도 5.37도 감소 효과를 입증했으며, 이중 보습 효과와 피부 장벽 강화에 도움을 줍니다. SPF 50+ PA+++로 강력한 자외선 차단 효과까지 선사합니다.","티타늄디옥사이드, 에칠헥실살리실레이트, 호모살레이트",강력차단,"톤업선세럼, 저자극선크림, 수분선크림, 톤업선크림, 메디필선크림, 여름선크림, 히알루론산선크림, 민감성선크림","['촉촉함', '눈시림없음', '피부좋아보임', '가성비', '건성용']"
4149591,[쌩얼톤업] 내추럴 글로우 파데프리 톤업 선크림 60ml SPF50+ PA++++,에필로우,19세 이하,26.0,,25000.0,13860.0,4.5,44,55ml,SPF 50+,PA++++,혼합자차,"자연스러운 톤 보정과 24시간 지속되는 롱래스팅 효과로 묻어남 없는 깔끔한 피부 표현을 선사하는 톤업 선크림입니다. 메이크업 베이스, 톤업, 자외선 차단 기능을 한번에 해결하여 빠르고 간편한 스킨케어를 돕습니다.
- 맑고 투명하게 빛나는 자연스러운 톤 보정
- 묻어남과 번들거림 없이 깔끔하게 밀착
- 24시간 지속되는 롱래스팅 효과
- 민감성 피부도 안심하고 사용 가능한 저자극 포뮬러","징크옥사이드, 티타늄디옥사이드, 나이아신아마이드, 아데노신, 글루타치온, 토코페롤, 스쿠알란",강력차단,"톤업선크림, 자연스러운톤보정, 롱래스팅, 촉촉한, 메이크업베이스","['발림성좋음', '톤업', '촉촉함', '추천', '간편메이크업용']"
3840746,비건 파데프리 톤업 선쿠션 12g,톤핏선,19세 이하,28.0,,24000.0,22800.0,4.7,232,12g,SPF 50+,PA++++,혼합자차,"파데프리 톤업커버 밀착쿠션은 끈적임 없이 가볍게 발리면서도 톤업 효과와 밀착력을 높여주는 제품입니다. 3중 기능성으로 자외선 차단, 미백, 주름 개선에 도움을 주며, 피부 거칠기 및 수분광 개선 효과도 제공합니다.","징크옥사이드, 티타늄디옥사이드, 병풀추출물",강력차단,"톤업커버, 밀착쿠션, 파데프리, 피치톤업, 생기밀착","['톤업', '만족', '만족도높음', '촉촉함', '가볍게발림']"
5926352,워터 그로우 핑크 톤업 선크림 50ml,오오티디 뷰티,19세 이하,30.0,,27000.0,24300.0,,0,50ml,SPF 50+,PA++++,혼합자차,"365일 빈틈없이 완벽하게 밀착되는 톤업 선크림. 28년간의 스킨케어 노하우로 완성된 최적의 제형과 얇고 균일하게 발리면서도 덧발라도 뭉침 없는 톤업 선크림입니다. 피부 톤과 결을 자연스럽게 보정하고, 답답함 없이 산뜻하게 마무리됩니다. 메이크업 베이스 겸용으로 사용 가능합니다.","징크옥사이드, 티타늄디옥사이드, 에칠헥실살리실레이트, 호모살레이트, 아데노신",강력차단,"톤업선크림, 메이크업베이스, 밀착력, 산뜻함, 피부톤보정","['톤업', '끈적임없음', '눈시림없음', '무향', '자외선차단']"
5709924,달바 클린 티트리 리포좀 톤업 선크림 (그린) 50ml+50ml,달바,19세 이하,31.0,,72000.0,42400.0,4.8,47,50ml,SPF 50+,PA++++,혼합자차,"자외선 차단, 피부 진정, 보습, 미백, 주름개선에 도움을 줄 수 있는 멀티 기능성 선크림","징크옥사이드, 티타늄디옥사이드, 에칠헥실살리실레이트, 나이아신아마이드, 아데노신, 토코페롤, 쑥",강력차단,"톤업, 촉촉한, 민감성, 보습, 피부진정, 자외선차단","['발림성좋음', '촉촉함', '톤업', '붉은기개선', '홍조개선']"
5527399,코렉팅 베이스 UV 프로텍터 SPF50+PA4+ 35mL,헤라,19세 이하,32.0,,58000.0,54520.0,4.9,9,35ml,SPF 50+,PA++++,혼합자차,"본 품은 피부톤을 보정하고 자외선을 차단해주는 컨디셔닝 베이스 UV 프로텍터입니다. 톤업 효과와 함께 매끄러운 피부결 연출을 도와주며, 피부 본연의 건강함을 살리는 데 도움을 줍니다.  자외선 차단과 메이크업 베이스 기능을 한번에 해결하여 간편하게 사용할 수 있습니다.","징크옥사이드, 티타늄디옥사이드, 에칠헥실살리실레이트, 호모살레이트",강력차단,"톤업, 자외선차단, 피부결, 베이스메이크업, 컨디셔닝","['톤업', '자연스러움', '가벼운화장용', '꾸덕함', '매트함']"
4942279,수분초 히알루론 선세럼 워터리 튜브 SPF50+ PA++++ 50ml(+선크림 3EA 랜덤 증정),아비브,19세 이하,33.0,,25000.0,21250.0,4.8,184,50ml,SPF 50+,PA++++,유기자차,"UV 에이징 케어 라인업으로 피부에 딱 맞는 퍼스널 톤업 케어! 3종의 선크림으로 각기 다른 피부 고민에 맞춰 사용할 수 있습니다. 촉촉한 수분광, 톤업, 피부결 개선 등 다양한 효과를 제공합니다.","티타늄디옥사이드, 토코페롤",강력차단,"톤업, 수분, 피부결, 자외선차단, 에이징케어","['촉촉함', '끈적임없음', '백탁없음', '가볍게발림', '발림성좋음']"
4259072,핑크 커버 에센스 선쿠션 SPF50+ PA+++ 15g,러블리씨씨,19세 이하,36.0,,12000.0,12000.0,4.6,109,15g,SPF 50+,PA+++,혼합자차,"러블리씨 핑크 커버 에센스 선 쿠션은 48시간 동안 톤업 효과를 유지시켜주며, 촘촘하고 맑은 피부 표현을 돕습니다.
- 48시간 톤업 효과 지속
- 촘촘하고 맑은 피부 연출
- 피부 속 진정 및 수분 공급
- 민감성 피부도 안심하고 사용 가능","티타늄디옥사이드, 에칠헥실살리실레이트, 아데노신, 병풀추출물",강력차단,"톤업쿠션, 선쿠션, 커버쿠션, 핑크쿠션, 에센스쿠션","['커버력', '만족도높음', '만족', '매트함', '재구매의향있음']"
5650340,아떼 비건 릴리프 톤업 선에센스 50ml SPF50+ PA++++ 라이트핑크/라이트베이지 택 1,아떼,19세 이하,42.0,,34000.0,28900.0,5.0,2,30ml,SPF 50+,PA++++,유기자차,매끈하고 톤업되는 톤업 틴트 선크림,"징크옥사이드, 티타늄디옥사이드, 나이아신아마이드, 토코페롤",강력차단,"톤업, 틴트, 선크림, 피부톤보정","['배송빠름', '상품만족']"
4343472,마스터즈 에어리치 선스틱 14g,에이에이치씨,19세 이하,45.0,,22000.0,18200.0,4.9,570,50ml,SPF 50+,PA++++,혼합자차,"강력한 UV 차단 효과와 스킨케어 기능을 한번에 담은 선세럼.
- 100% 비건 인증 & 민감성 피부 테스트 완료
- 해양 생태계 보호를 위한 오션 리프 세이프 포뮬러
- 4가지 히알루론산으로 빈틈없는 수분 충전
- 끈적임 없는 산뜻하고 촉촉한 마무리감","징크옥사이드, 에칠헥실살리실레이트, 호모살레이트, 판테놀, 마데카소사이드",강력차단,"선세럼, 비건선크림, 순한선크림, 수분선크림, 톤업선크림","['끈적임없음', '발림성좋음', '보송함', '휴대성좋음', '백탁없음']"
3884431,선데이 시카 선 세럼 55ml [SPF50+/PA++++],에딧비,19세 이하,46.0,,25000.0,12500.0,4.9,224,55ml,SPF 50+,PA++++,유기자차,"1. 진정 시카 선세럼: 피부 진정과 보습을 동시에.
2. 수분 세럼 60% 함유: 끈적임 없이 산뜻하고 촉촉한 마무리감.
3. 톤업/주름개선/자외선 차단 3중 기능성.
4. 비건 인증, 민감성 피부 사용 적합.","에칠헥실살리실레이트, 아데노신, 세라마이드",강력차단,"시카선세럼, 진정, 수분, 톤업, 비건","['촉촉함', '백탁없음', '끈적임없음', '산뜻함', '저자극']"
5527404,부스팅 베이스 UV 프로텍터 SPF15 35mL,헤라,20-24세,7.0,,58000.0,54520.0,,0,35ml,SPF 15,PA+,혼합자차,"HERA 부스팅 베이스 UV 프로텍터 SPF15는 스킨케어 기능과 메이크업 베이스 기능을 한번에 담은 제품입니다. 톤 보정 효과와 함께 메이크업 지속력을 높여주며, 피부 보호 및 진정 효과까지 제공합니다.","징크옥사이드, 티타늄디옥사이드, 토코페롤",일상생활,"톤업 베이스, 자외선 차단, 메이크업 베이스, 피부 보호, 톤 보정",
2496324,브라이트닝 업 선 플러스 50ml X 2개+그린마일드 선크림 10mL증정,닥터지,20-24세,10.0,,64000.0,34000.0,4.9,1230,50ml,SPF 50+,PA+++,혼합자차,24시간 화사한 톤업 효과와 산뜻한 마무리감의 톤업 선크림,"징크옥사이드, 티타늄디옥사이드, 에칠헥실살리실레이트, 나이아신아마이드, 아데노신, 토코페롤",강력차단,"톤업 선크림, 선크림, 피부결, 피부톤, 톤업, 화사함, 산뜻함, 모공, 유분, 피지","['발림성좋음', '톤업', '만족도높음', '재구매의향있음', '만족']"
2344405,잡티 토닝 썬스크린 50ml + 50ml,셀퓨전씨,20-24세,12.0,,78000.0,32000.0,4.9,541,50ml,SPF 50+,PA++++,유기자차,"피부 손상 없이 톤업 효과를 선사하는 데일리 선크림입니다.
- UV 차단 효과로 톤업 & 스킨케어.
- 촉촉하고 자연스러운 피부 표현.
- 답답함 없이 가벼운 텍스처.
- 24시간 톤업 지속 효과.",마데카소사이드,강력차단,"톤업선크림, 톤보정, 자외선차단, 피부결개선, 데일리선크림","['톤업', '만족도높음', '발림성좋음', '촉촉함', '재구매의향있음']"
5636010,[SET] 바이옴 레미디 미니 톤업 선쿠션 보라 + 톤업 선크림 보라 20ml 기획세트,유이크,20-24세,18.0,,24000.0,21000.0,4.9,14,50ml,SPF 50+,PA++++,혼합자차,"1. 올리브영 판매 랭킹 1위 톤업 선크림
2. 4.5배 톤업 효과, 메이크업 밀착력 & 지속력 UP
3. 미세먼지 흡착 방지 효과
4. 유기자차 & 무기자차의 조화, 피부 자극 테스트 완료
5. 민감성 피부도 안심하고 사용할 수 있는 착한 성분","에칠헥실살리실레이트, 호모살레이트, 나이아신아마이드, 세라마이드, 마데카소사이드",강력차단,"톤업선크림, 메이크업, 자외선차단, 미세먼지차단, 민감성","['촉촉함', '발림성좋음', '번들거림없음', '톤업', '건조함']"
5066205,그린티 히알루론산 수분 선세럼 SPF50+ PA4+ 50mL 2개,이니스프리,20-24세,19.0,,50000.0,20000.0,4.9,121,50ml,SPF 50+,PA++++,유기자차,"피부 진정에 탁월한 시카 성분으로 민감해진 피부를 편안하게 케어하고, 그린 에너지로 톤업 효과까지 선사하는 톤업 선크림","징크옥사이드, 티타늄디옥사이드, 나이아신아마이드, 아데노신, 마데카소사이드",강력차단,"피부진정, 시카, 톤업, 민감성, 선크림","['촉촉함', '발림성좋음', '끈적임없음', '백탁없음', '수분감']"
4297764,잡티 토닝 썬스크린 50ml,셀퓨전씨,20-24세,32.0,,39000.0,18000.0,4.8,159,50ml,SPF 50+,PA++++,유기자차,자외선 차단 효과로 피부톤을 균일하고 맑게 가꾸는 데일리 선스크린입니다. 끈적임 없이 산뜻한 마무리감과 메이크업 베이스 기능으로 자연스러운 톤업 효과를 선사합니다. 피부 저자극 테스트를 완료하여 민감한 피부도 안심하고 사용할 수 있습니다.,"에칠헥실살리실레이트, 호모살레이트, 나이아신아마이드, 판테놀, 아데노신, 세라마이드",강력차단,"톤업선크림, 메이크업베이스, 데일리선크림, 자외선차단, 피부톤보정","['톤업', '발림성좋음', '촉촉함', '재구매', '만족']"
3962862,풀 초록35 톤업 선쿠션 세트 (본품+리필),테,20-24세,33.0,,57000.0,33630.0,4.8,294,14g,SPF 35,PA++,혼합자차,"4차 예약 판매까지 완료된 Te'의 풀초록 35 선쿠션은 자외선 차단 기능뿐만 아니라 피부 진정 및 보습, 톤업 효과까지 제공합니다. GRASS U.P.™ 특허 성분과 다양한 식물 추출물이 함유되어 피부를 건강하게 가꾸는 데 도움을 줍니다.

- 4차 예약판매 완판 기록
- 깐깐한 성분으로 진정한 톤업 강화
- 피부 진정 및 보습 효과
- GRASS U.P.™ 특허 성분 함유

자외선 걱정 없이 야외 활동을 즐길 수 있도록 도와주는 데일리 선쿠션입니다.","징크옥사이드, 티타늄디옥사이드, 에칠헥실살리실레이트, 호모살레이트",야외활동,"선쿠션, 자외선차단, 톤업, 피부진정, 보습","['촉촉함', '톤업', '발림성좋음', '만족', '만족도높음']"
3554527,비타 톤업 선크림 50mL SPF50+ PA++++,토코보,20-24세,39.0,,25000.0,12500.0,4.8,477,30ml,SPF 50+,PA++++,혼합자차,"토코보 비타 톤업 선크림은 생기 가득한 핑크빛 톤업 효과를 선사하는 제품입니다. 톤업 기능과 함께 자외선 차단 기능까지 갖추고 있어, 메이크업 베이스 대용으로도 활용 가능합니다.","티타늄디옥사이드, 에칠헥실살리실레이트, 판테놀, 아데노신",강력차단,"톤업, 핑크빛, 생기, 자외선차단, 메이크업베이스","['톤업', '촉촉함', '발림성좋음', '끈적임없음', '만족']"
5034583,[4종 택1] 구달 어성초 진정/수분/톤업/무기자차 선크림 50ml,구달,20-24세,43.0,,22000.0,22000.0,4.9,942,50ml,SPF 50+,PA++++,혼합자차,"피부 타입에 따라 골라 쓰는 선크림, 화장밀착 선케어 맛집.
- 맑은 톤업 효과로 자연스럽게 톤 보정.
- 모공 끼임 없이 얇고 가볍게 밀착.
- 유기자차와 무기자차의 장점을 모두 담은 혼합자차.
- 피부에 순하게 사용할 수 있는 저자극 선크림.","징크옥사이드, 티타늄디옥사이드, 에칠헥실살리실레이트, 판테놀, 마데카소사이드",강력차단,"톤업 선크림, 모공커버, 밀착력, 혼합자차, 저자극","['촉촉함', '발림성좋음', '순함', '끈적임없음', '백탁없음']"
4978543,[2개] 마스터즈 아쿠아 리치 선크림 50ml,에이에이치씨,20-24세,49.0,,39600.0,33600.0,4.9,91,50ml,SPF 50+,PA++++,유기자차,"마스터리 톤업 선크림은 끈적임 없이 산뜻하게 마무리되며, 강력한 자외선 차단 효과와 피부 톤 보정을 동시에 제공합니다. 톤업 효과와 함께 프라이머 기능으로 메이크업 지속력을 높여주고, 피부 진정 및 보습 효과까지 갖춘 올인원 선크림입니다.

- 끈적임 없이 산뜻한 마무리감
- 즉각적인 톤업 효과와 자연스러운 피부 보정
- 메이크업 프라이머 기능으로 지속력 향상
- 민감성 피부도 안심하고 사용 가능한 저자극 포뮬러
- 피부 진정 및 보습 효과

자외선 차단 기능성 화장품","징크옥사이드, 티타늄디옥사이드, 나이아신아마이드, 아데노신, 토코페롤",강력차단,"톤업선크림, 자외선차단, 메이크업베이스, 피부보정, 산뜻한","['촉촉함', '백탁없음', '발림성좋음', '재구매의향있음', '가볍게발림']"
4760702,[NEW] 어성초 진정 그린 톤업 선크림 50ml,구달,25세-29세,6.0,,22000.0,15500.0,4.9,942,50ml,SPF 50+,PA++++,무기자차,"구달 어성초 그린톤업 선크림은 피부톤 보정 효과와 뛰어난 밀착력, 자연스러운 커버력을 자랑합니다. 모공 끼임 걱정 없이 산뜻하게 사용할 수 있으며, 민감한 피부도 안심하고 사용할 수 있도록 저자극 테스트를 완료했습니다. 즉각적인 톤업 효과로 칙칙한 피부톤을 화사하게 개선하고, 피부 굴곡에 따라 자연스럽게 밀착되어 매끈한 피부 표현을 도와줍니다.","징크옥사이드, 티타늄디옥사이드, 병풀추출물, 토코페롤, 어성초",강력차단,"어성초, 톤업, 선크림, 무기자차, 민감성","['촉촉함', '발림성좋음', '순함', '끈적임없음', '저자극']"
5322951,UV쉴드 선 프로텍터 50ml x2 (슬램덩크 아크릴스탠드 증정),아이오페,25세-29세,13.0,,76000.0,68400.0,5.0,7,50ml,SPF 50+,PA++++,혼합자차,"아이오페 UV쉴드 선 프로텍터 SPF50+ PA++++
- 피부 자연스러운 톤 보정
- 끈적임 없이 산뜻하게 마무리
- 강력한 자외선 차단 효과
- 외부 자극으로부터 피부 보호

공식 판매처에서 구매하는 정품입니다.",징크옥사이드,강력차단,"톤업 선크림, 톤보정, 산뜻한 마무리, 자외선 차단, 피부 보호","['발림성좋음', '백탁없음', '가성비', '단독사용', '만족']"
3951469,더마UV365 레드진정 톤업 선크림 40ml 2ea,에스트라,25세-29세,18.0,,62000.0,55800.0,4.8,42,40ml,SPF 50+,PA++++,혼합자차,"아모레퍼시픽 공식 온라인 몰, AESTURA 더마UV365 레드진정 톤업 선크림.
- 2023년 1월 제조 신상품
- 톤업 효과와 피부 진정 효과
- 자외선 차단 기능까지
- 40ml 2개입 구성","징크옥사이드, 티타늄디옥사이드, 판테놀, 병풀추출물, 알란토인",강력차단,"AESTURA, 선크림, 톤업, 자외선차단, 레드진정","['톤업', '눈시림없음', '발림성좋음', '무기자차', '자극없음']"
5105948,블러 피니쉬 선쿠션 SPF50+ PA++++ (2종 택1),토코보,25세-29세,21.0,,24000.0,20400.0,4.7,369,15g,SPF 50+,PA++++,무기자차,촉촉함은 살리고 보송한 마무리감을 선사하는 톤업 선쿠션,"징크옥사이드, 나이아신아마이드, 아데노신, 토코페롤",강력차단,"톤업선쿠션, 보송밀착, 수분광채, 블러피니쉬","['보송함', '톤업', '건조함', '만족도높음', '쿨링감']"
5529348,UV 픽셀 톤업 에센스 30ml,이더앤,25세-29세,37.0,,26000.0,23900.0,4.0,5,50ml,SPF 50+,PA++++,혼합자차,"피부 톤 보정과 자외선 차단, 두 가지 기능을 한 번에.  
- 톤업 피부 표현: 맑고 화사한 톤업 효과로 굴욕 없는 피부를 연출합니다. 
- 민감성 피부 사용 적합: 민감성 피부 자극 테스트를 완료했습니다. 
- 톤 보정 & 톤업: 맑은 피치 베이지 톤과 연보라색으로 피부 톤을 보정하고 톤업 효과를 선사합니다.","징크옥사이드, 티타늄디옥사이드, 에칠헥실살리실레이트, 토코페롤",강력차단,"톤업선크림, 자외선차단, 피부톤보정, 메이크업베이스, 데일리선크림","['톤업', '가볍게발림', '간편메이크업용', '만족도보통', '낮은사용빈도']"
3262526,톤업 노세범 선스크린 EX SPF 50+ PA4+ 60mL,이니스프리,25세-29세,43.0,,24000.0,16800.0,4.8,702,40ml,SPF 50+,PA++++,혼합자차,"24시간 밀착 톤업으로 자연스러운 피부 표현.
- 24시간 메이크업 밀착 & 톤업 효과
- 빈틈없이 촘촘하게 피부 결점을 커버
- 산뜻하고 편안한 사용감
- 스킨케어 성분 함유로 피부 보호
스킨케어처럼 순하고 편안하게","징크옥사이드, 티타늄디옥사이드, 세라마이드, 토코페롤",강력차단,"톤업선크림, 밀착력, 피부결, 산뜻함, 스킨케어","['톤업', '발림성좋음', '만족', '건조함', '보송함']"
5197908,브이 히알루론산 무기자차 톤업 선크림,머지,25세-29세,47.0,,12000.0,6490.0,4.3,8,35g,SPF 50+,PA++++,무기자차,"V-HYALURON 톤업 선크림은 뜨거운 태양으로부터 피부를 보호하며, 자연스러운 톤업 효과와 촉촉함을 선사하는 선크림입니다. 순한 무기자차 성분으로 자극 없이 사용할 수 있으며, 10종 히알루론산과 비타민 B·C·E를 함유하여 피부 생기를 부여합니다. 민감성 피부 사용 적합 테스트와 피부 자극 테스트를 완료하였으며, 비건 인증까지 받은 순하고 안심할 수 있는 제품입니다.","징크옥사이드, 티타늄디옥사이드, 나이아신아마이드, 판테놀, 토코페롤",강력차단,"톤업선크림, 무기자차, 히알루론산, 비타민, 톤업","['무기자차', '톤업', '가성비', '건성용', '건조함']"
3060856,선뮤즈 톤업 & 코렉팅 선크림 50ml(SPF50+/PA++++),비플레인,25세-29세,49.0,,28000.0,21000.0,4.8,595,50ml,SPF 50+,PA++++,무기자차,"피부톤을 자연스럽게 보정해주고, 답답함 없이 수분 밀착감을 선사하는 톤업 선크림","징크옥사이드, 세라마이드, 병풀추출물, 토코페롤",강력차단,#톤업선크림 #보라톤업 #자외선차단 #톤업베이스 #민감성선크림 #무기자차 #순한선크림 #데일리선크림,"['발림성좋음', '톤업', '촉촉함', '만족', '재구매']"
5954006,UV프로텍터 톤업 라벤더 SPF50+ PA4+ 50ml,헤라,30세-34세,20.0,,47000.0,47000.0,,0,50ml,SPF 50+,PA++++,혼합자차,"피부톤을 맑고 화사하게 보정해주며, 끈적임 없이 산뜻하게 마무리되는 톤업 선크림","징크옥사이드, 티타늄디옥사이드, 에칠헥실살리실레이트, 토코페롤",강력차단,"톤업 선크림, 맑은 피부, 산뜻한 마무리","['라벤더향', '만족', '향좋음']"
5323057,[+모공잡티패드2매 증정]브라이트닝 모공잡티 선크림 50ml,셀리맥스,30세-34세,25.0,,24000.0,17500.0,4.8,99,30ml,SPF 50,PA+++,유기자차,"본 제품은 마치 본연의 피부처럼 자연스럽게 톤 보정을 해주는 톤업 선크림입니다. 얇고 가볍게 발리면서도 피부 굴곡을 따라 뭉침 없이 매끈하게 밀착되어, 민감한 피부도 편안하게 사용할 수 있습니다. 끈적임 없이 산뜻한 마무리감으로 묻어남을 줄여주며, 답답함 없는 편안한 사용감을 선사합니다. 하루 종일 무너짐 없이 깨끗한 피부 표현을 유지시켜 줍니다.","징크옥사이드, 티타늄디옥사이드, 마데카소사이드, 토코페롤",강력차단,"톤업선크림, 자연스러운톤업, 밀착력, 산뜻함, 메이크업베이스","['촉촉함', '발림성좋음', '번들거림없음', '백탁없음', '끈적임없음']"
4922205,글루타치온 브라이트닝 앰플 선 37g [SPF 50+ PA++++],아이다 코스메틱,30세-34세,26.0,,38000.0,36860.0,4.9,54,37g,SPF 50+,PA++++,혼합자차,"AIDA 글루타치온 브라이트닝 앰플 선은 자외선 차단, 미백, 주름 개선 3중 기능성 화장품입니다. 핑크 비타민 생기 톤업, 항산화 광채 선케어, 듀얼 펜타™ UV 필터 기능을 제공하며, 메이크업 베이스 겸용으로 활용 가능합니다. 파운데이션 제형과 브라이트닝 캡슐이 함유되어 자연스러운 톤 보정 효과를 선사합니다. 피부 자극 테스트를 완료하여 민감성 피부도 안심하고 사용할 수 있습니다.","징크옥사이드, 티타늄디옥사이드, 에칠헥실메톡시신나메이트, 나이아신아마이드, 판테놀, 아데노신, 글루타치온",강력차단,"글루타치온, 브라이트닝, 앰플선, 자외선차단, 톤업","['촉촉함', '톤업', '위생적', '끈적임없음', '휴대성좋음']"
4926248,BB 크림 누드 SPF20 40ml,에르보리앙,30세-34세,27.0,,40000.0,36000.0,3.0,2,45ml,SPF 20,PA++,혼합자차,"매일매일 사용하고 싶은 텍스처와 핏!
- 얇게 발라도 결점 없이 매끈하고 도자기 피부처럼 연출
- BB 크림과 파운데이션을 1:2 비율로 믹스하여 촉촉하고 톤업된 피부 표현
- 피부 톤을 밝혀주는 #아이보리 컬러 믹스 사용
- 덧발라도 뭉침이나 끼임 없이 깔끔하게 마무리되는 롱래스팅 효과","티타늄디옥사이드, 에칠헥실메톡시신나메이트, 인삼추출물",일상생활,"에센스BB크림, 수분광채, 결점커버, 톤업, 아티스트추천","['무난템', '세일가']"
5709930,달바 워터풀 에센스 선크림 50ml+50ml,달바,30세-34세,28.0,,68000.0,34900.0,4.8,86,60ml,SPF 50+,PA++++,유기자차,"달바 비건 톤업 선크림은 보송하게 마무리되며, 피부톤 보정 효과와 메이크업 베이스 기능을 갖추고 있습니다. 덧발라도 뭉치거나 밀리지 않는 텍스처가 특징이며, 미세먼지 흡착 방지 효과까지 제공합니다. 끈적임 없이 산뜻하게 사용할 수 있습니다.",에칠헥실살리실레이트,강력차단,"톤업선크림, 비건선크림, 보송선크림, 메이크업베이스, 미세먼지차단","['촉촉함', '발림성좋음', '백탁없음', '재구매', '재구매의향있음']"
5991117,포어베리어 틴티드 선스크린 50ml [SPF 50+ PA++++],스킨앤랩,30세-34세,38.0,,24000.0,22800.0,,0,50ml,SPF 50+,PA++++,무기자차,초밀착 한 겹 커버로 모공·잡티·톤 한 번에! 답답한 파운데이션 대신 가볍게 #파데프리 선. 100% 만족하는 올백올인원 커버 선. 얇게 밀착 SUN. 하루 종일 커버 지속. 톤업 커버 SUN. 진정 더한 안심 SUN. 피부 진정에 도움을 주는 판테놀 성분이 들어간 순한 무기자차 선으로 민감 피부도 안심하고 사용하실 수 있습니다.,"징크옥사이드, 티타늄디옥사이드, 에칠헥실살리실레이트, 호모살레이트, 판테놀, 아데노신",강력차단,"모공커버, 잡티커버, 톤업, 파데프리, 선케어, 무기자차, 순한선크림",
3700242,파워 롱래스팅 선 크림 50ml,더페이스샵,30세-34세,46.0,,22000.0,17600.0,4.9,30,50ml,SPF 50+,PA++++,혼합자차,"일상에서 수시로 덧발라도 산뜻하게!

1. 덧발라도 뭉침 없이 산뜻한 마무리
2. 촉촉한 보습감으로 피부 건조함 완화
3. 백탁 현상 없이 자연스러운 톤업

민감성 피부도 안심하고 사용할 수 있습니다.","징크옥사이드, 티타늄디옥사이드, 에칠헥실메톡시신나메이트",강력차단,"산뜻한, 덧바르기좋은, 촉촉한, 보습, 톤업","['만족도높음', '재구매', '발림성좋음', '재구매의향있음', '촉촉함']"
5099655,핑크 블라썸 브라이트닝 톤업 선크림 50ml SPF 50+ PA+++,성분에디터,30세-34세,48.0,,30000.0,16900.0,,0,50ml,SPF 50+,PA++++,혼합자차,"밝고 화사한 톤업 효과와 촉촉하고 가벼운 발림성을 자랑하는 톤업 선크림입니다. 자연스러운 톤 보정과 피부결 개선, 메이크업 베이스 대용으로 사용 가능하며, 끈적임 없이 산뜻하게 마무리됩니다. 3중 기능성으로 주름 개선, 미백, 자외선 차단 효과까지 제공합니다.","징크옥사이드, 티타늄디옥사이드, 나이아신아마이드, 아데노신",강력차단,"톤업 선크림, 핑크 블라썸, 자연스러운 톤보정, 촉촉한 발림성, 메이크업 베이스",
5611936,에딧비 마시멜로 톤업 쿠션,에딧비,30세-34세,50.0,,26000.0,15600.0,4.9,18,16g,SPF 50+,PA++++,혼합자차,"에디비 마시멜로 톤업 쿠션은 4계절 내내 사용 가능한 톤업 쿠션으로, ""미백, 주름개선, 자외선 차단 3중 기능성""을 갖췄습니다. 톤업 쿠션은 피부톤을 균일하고 환하게 가꾸는 데 도움을 주며, ""퍼플"" 색상은 노랗고 칙칙한 피부톤을 보색인 보라색상으로 정돈해주고, ""핑크 베이지"" 색상은 붉은 기를 커버하여 생기 있는 피부를 연출합니다. 또한, ""피부톤 개선 효과""를 통해 톤업 효과를 제공하며, ""수분 쿨링""으로 피부 온도를 -6°C 감소시켜 줍니다. ""76% 스킨케어링 성분"" 함유로 피부에 편안함을 선사하며, 끈적임 없이 산뜻하게 마무리됩니다.","티타늄디옥사이드, 에칠헥실메톡시신나메이트, 에칠헥실살리실레이트, 호모살레이트, 나이아신아마이드, 아데노신, 세라마이드, 병풀추출물",강력차단,"톤업 쿠션, 에디비, 마시멜로, 피부톤 보정, 자외선 차단","['촉촉함', '톤업', '다크닝없음', '얇게발림', '자연스러움']"
3179506,[2pack] 구달 맑은 어성초 진정 수분 선크림 (24AD) 50ml [증정] 청귤듀오샤셰2EA,구달,35세-39세,18.0,,44000.0,38800.0,4.9,178,50ml,SPF 50+,PA++++,무기자차,"구달 어성초 진정 수분 선크림은 피부 타입에 따라 골라 쓸 수 있는 선크림입니다. ""피부 진정에 좋은"" ""수분감을 채워주는"" ""겉돌지 않고 산뜻하게"" ""민감한 피부도 안심하고 사용"" 가능한 선크림입니다. ""자외선 차단"" 기능도 놓치지 않았습니다.

*  1. 어성초 진정 그린 선크림
*  2. 어성초 진정 수분 선크림
*  3. 어성초 진정 수분 톤업 선크림
*  4. 어성초 진정 무기자차 선크림
*  5. 어성초 진정 히알루론산 선세럼
*  6. 어성초 진정 쿨 릴라이징 선스틱

현재 ""가격 인상 공지""로 인해 용기 및 패키지 리뉴얼이 진행 중입니다. (2024년 01월 05일 시행)","징크옥사이드, 티타늄디옥사이드",강력차단,"어성초, 진정, 수분, 선크림, 톤업","['촉촉함', '백탁없음', '발림성좋음', '끈적임없음', '순함']"
4875035,더마UV365 수분광채 선크림 40ml,에스트라,35세-39세,27.0,,31000.0,29140.0,4.6,30,40ml,SPF 50+,PA++++,유기자차,"아로마풀 365 비타 C 광채 수분 선크림은 피부 친화적인 성분으로 안심하고 사용할 수 있는 제품입니다. 50PA++++의 높은 차단 지수로 자외선으로부터 피부를 보호하며, 메이크업 베이스 겸용으로 피부톤을 화사하게 연출해 줍니다. 끈적임 없이 산뜻한 마무리감으로 매일 사용하기 좋습니다.","에칠헥실살리실레이트, 호모살레이트, 토코페롤",강력차단,"톤업선크림, 베이스겸용, 광채선크림, 산뜻한, 촉촉한선크림","['발림성좋음', '유기자차', '백탁없음', '보습력좋음', '촉촉함']"
5709918,달바 클린 티트리 리포좀 톤업 선크림 (그린) 50ml,달바,35세-39세,28.0,,36000.0,28900.0,4.7,6,60ml,SPF 50+,PA++++,혼합자차,"달바에서 최초로 개발한 신개념 톤업 크림으로, 바르는 순간 피부톤을 맑고 투명하게 보정하며, 겉은 산뜻하고 속은 촉촉하게 마무리되는 산뜻한 제형입니다. 12시간 지속되는 톤업 효과와 민감성 피부에도 안심하고 사용할 수 있는 저자극 테스트 완료 제품으로, 자외선 차단 기능까지 갖추고 있어 데일리 톤업 베이스로 활용하기 좋습니다.","에칠헥실살리실레이트, 호모살레이트",강력차단,"톤업크림, 메이크업베이스, 자외선차단, 미백, 주름개선","['발림성좋음', '촉촉함', '톤업', '건성용', '구매완료']"
2050350,마일드 톤업 선크림 50ml (SPF50+ PA++++),코스노리,35세-39세,33.0,,24000.0,11500.0,4.9,46,50ml,SPF 50+,PA++++,혼합자차,"코스노리 마일드 톤업 선크림은 톤업과 함께 피부 보호 기능을 제공하는 제품입니다. 끈적임 없이 밀착되어 보송한 톤업 효과를 선사하며, 피부 자극 테스트를 완료하여 민감한 피부도 안심하고 사용할 수 있습니다. 벚꽃 추출물을 함유하여 피부를 맑고 깨끗하게 가꾸어 줍니다.","징크옥사이드, 티타늄디옥사이드, 에칠헥실살리실레이트, 호모살레이트, 토코페롤",강력차단,"톤업선크림, 순한선크림, 무자극선크림, 벚꽃추출물, 메이크업베이스","['톤업', '만족', '백탁있음', '만족도높음', '발림성좋음']"
2512786,마다가스카르 센텔라 에어핏 선크림 라이트 50ml,스킨1004,35세-39세,49.0,,19000.0,17100.0,4.7,35,50ml,SPF 50+,PA++++,혼합자차,"피부 진정에 탁월한 시카 성분과 병풀 추출물 함유로 민감한 피부도 편안하게 사용할 수 있는 자외선 차단제입니다. 끈적임 없이 산뜻하게 발리며, 백탁 현상 없이 자연스러운 톤 보정 효과를 선사합니다.","징크옥사이드, 티타늄디옥사이드, 에칠헥실살리실레이트, 마데카소사이드, 병풀추출물",강력차단,"시카, 병풀, 진정, 톤업, 산뜻함","['무기자차', '발림성좋음', '촉촉함', '저자극', '만족']"
5307904,마스크 핏 톤 업 에센스 4종,티르티르,40세 이상,4.0,,29000.0,20300.0,4.8,19,30ml,SPF 30,PA++,혼합자차,"마스크 핏 톤업 에센스는 자외선 차단과 톤업 기능을 한번에 제공하는 올인원 데일리 베이스입니다. 촉촉하고 가볍게 밀착되는 에센스 텍스처가 피부에 답답함 없이 생기 있고 자연스러운 톤 보정을 완성합니다. 4가지 컬러(베이지, 민트, 라벤더, 코랄)로 맞춤 코렉팅이 가능하며, 마스크 묻어남 방지 테스트와 피부 저자극 테스트를 완료했습니다.","티타늄디옥사이드, 에칠헥실살리실레이트, 호모살레이트, 나이아신아마이드, 판테놀, 아데노신, 병풀추출물",야외활동,"톤업 에센스, 자외선 차단, 피부톤 보정, 촉촉한, 저자극","['재구매', '자연스러움', '가볍게발림', '들뜸없음', '발림성좋음']"
5521596,[2SET] 블룸 글로우 에센스 선크림 30ml,코이,40세 이상,9.0,,74000.0,62900.0,,0,50ml,SPF 50,PA++++,혼합자차,피부톤을 맑게 가꿔주는 톤업 글로우 에센스 선크림,"징크옥사이드, 티타늄디옥사이드, 에칠헥실살리실레이트, 호모살레이트, 아데노신, 토코페롤",강력차단,"톤업, 글로우, 선크림, 에센스, 광채, 촉촉한",
5090978,오일 컨트롤 선스틱,셀리맥스,40세 이상,25.0,,22000.0,16900.0,4.8,81,15g,SPF 50+,PA++++,유기자차,"밀착 커버 필터링으로 덧바르기 좋은 톤업 선스틱

1.  얇게 발라도 강력한 자외선 차단 효과
2.  매끈한 피부결 연출
3.  얼룩 없이 깨끗한 톤업 효과
4.  메이크업 지속력 증가

매일 덧발라도 부담 없는 산뜻한 마무리감","에칠헥실살리실레이트, 호모살레이트, 판테놀, 병풀추출물",강력차단,"톤업선스틱, 커버선스틱, 밀착선스틱, 메이크업선스틱, 덧바르는선스틱","['번들거림없음', '보송함', '휴대성좋음', '의미불명', '끈적임없음']"
4981911,(3pack) 세이프블록 RX 브라이트닝 톤업 선 SPF50＋/PA＋＋＋＋ 50ml,미샤,40세 이상,33.0,,72000.0,36000.0,,0,50ml,SPF 50+,PA++++,무기자차,"자외선부터 적외선까지 멀티 차단, 초미세먼지 흡착 방지 개선, 민감 피부도 안심하고 사용할 수 있는 저자극 무기자차, 세라마이드 함유로 탄탄 장벽 케어","티타늄디옥사이드, 세라마이드, 나이아신아마이드",강력차단,"톤업 선크림, 브라이트닝, 자외선 차단, 적외선 차단, 미세먼지 차단, 저자극, 무기자차, 세라마이드",
3849216,비건 노세범 워터프루프 선스틱 18g,톤핏선,40세 이상,40.0,,21000.0,18900.0,4.9,153,25g,SPF 50+,PA++++,혼합자차,"모공부터 피부결까지 매끈하게 케어하는 프라이머 선스틱. 톤업, 블러 효과, 쿨링감, 워터프루프 기능까지 갖춘 올인원 제품.

- 톤업 및 모공 블러 효과
- 강력한 쿨링감
- 워터프루프 기능
- 촉촉하고 부드러운 발림성","징크옥사이드, 티타늄디옥사이드, 에칠헥실살리실레이트, 토코페롤",강력차단,"프라이머선스틱, 톤업, 모공블러, 쿨링, 워터프루프","['끈적임없음', '보송함', '만족도높음', '발림성좋음', '배송빠름']"
5963207,유브이 쉴드 선밀크 50ml,엑소메라,40세 이상,41.0,,32000.0,32000.0,4.0,1,50ml,SPF 50+,PA++++,유기자차,"수분 에센스 제형으로 촉촉하고 산뜻하게 발리는 라이트 톤업 선크림입니다. 엑소메마 유브이 쉴드 선 밀크는 외부 유해환경으로부터 피부를 진정시키고 보호하는 데 도움을 줍니다.

- 수분 에센스 타입의 촉촉하고 산뜻한 마무리감
- 마그네슘, 칼슘 등 미네랄 성분을 함유하여 피부 방어력 및 자생력 증진
- 해양 생태계를 위한 리프 세이프 포뮬러 (무기자차, 옥토크릴렌, 옥티노세이트 등 배제)
- 백탁, 끈적임 없는 사용감","에칠헥실살리실레이트, 판테놀, 세라마이드, 토코페롤, 쑥",강력차단,"수분 에센스, 톤업 선크림, 피부 진정, 유기자차, 마그네슘","['기대됨', '번들거림없음']"
3888076,선글로스 글로우업 무기자차 선크림 50ml COOL,디마프,40세 이상,46.0,,38000.0,28880.0,4.7,80,13g,SPF 50+,PA++++,무기자차,"진정, 보습, 피부 진정, 순한 무기자차 선글라스","징크옥사이드, 티타늄디옥사이드, 히알루론산",강력차단,"무기자차, 순한선크림, 진정선크림, 보습선크림, 수분광, 촉촉한, 톤업","['쿨링감', '무기자차', '발림성좋음', '백탁없음', '시원함']"
5106655,스킨톤 선파우더 (SPF 50+ / PA++++),두잉왓,19세 이하,,7.0,22000.0,14900.0,4.6,184,7g,SPF 50+,PA++++,무기자차,"번거로운 선케어, 파우더 타입으로 간편하게! 톡톡 두드려주면 1초 만에 고민 해결. 뭉침 없이 고르고 얇게 발리는 파우더 입자가 일정량만 나올 수 있도록 도와줍니다. 끈적임 없이 산뜻한 마무리감과 강력한 UV 차단 기능까지 갖춘 올인원 선파우더입니다. 남성 피부에 최적화된 스킨톤 파우더로 자연스러운 톤 보정과 덧바르기 좋습니다. 

- 1초 만에 뭉침 없이 고르게, 일정량 조절 가능한 스마트 퍼프
- 코팅 톤업 파우더로 하루 종일 번들거림 없이 산뜻하게
- SPF50+/PA++++ 강력한 자외선 차단 효과
- 남성 피부에 최적화된 스킨톤 파우더

자외선 차단 기능성 제품","티타늄디옥사이드, 에칠헥실살리실레이트, 호모살레이트, 토코페롤",강력차단,"선파우더, 톤업파우더, 남성선파우더, 무기자차, 피지컨트롤","['자외선차단', '사용편리', '자연스러움', '가루날림', '만족도높음']"
4942260,어성초 마일드 선크림 릴리프 튜브 SPF50+ PA++++ 50ml(+선크림 3EA 랜덤 증정),아비브,19세 이하,,16.0,25000.0,21250.0,4.7,223,50ml,SPF 50+,PA++++,무기자차,내 피부에 딱 맞는 퍼스널 핏 햇빛 케어!,"티타늄디옥사이드, 판테놀, 세라마이드, 마데카소사이드, 알란토인",강력차단,"순수 선크림, 톤업CC, 마일드 선크림","['무기자차', '순함', '발림성좋음', '촉촉함', '백탁없음']"
5713959,프리엠프트 리커버리 기능성 저자극 유기자차 선크림 선 프로텍터 spf50+ pa++++,데이셀코스메틱,19세 이하,,19.0,58000.0,14900.0,,0,50g,SPF 50+,PA++++,유기자차,"프리엔프트 리커버리 선 프로텍터는 피부 진정 및 톤업 효과를 제공하는 4중 기능성 선크림입니다. 27,000PPM의 발효 추출물이 함유되어 피부 장벽 강화에 도움을 주며, 10종 히알루론산 함유로 주름 개선 및 빠른 수분 공급 효과를 제공합니다. 미백 기능으로 피부 잡티 및 기미 완화에도 탁월한 효과를 보여줍니다.","징크옥사이드, 티타늄디옥사이드, 에칠헥실살리실레이트",강력차단,"선크림, 톤업, 진정, 보습, 주름개선",
4762827,마일드 업 선 스크린 2종 트라이얼 키트,아이레시피,19세 이하,,28.0,3500.0,3500.0,4.2,18,50ml,SPF 50+,PA++++,무기자차,"자극 없이 순하고 피부에 촘촘하게 밀착되는 무기자차 선크림으로, 민감성 피부도 안심하고 사용할 수 있습니다. 시카와 히알루론산 성분이 피부 진정과 수분 충전에 도움을 주며, 자연스러운 톤 보정과 답답함 없는 마무리감을 선사합니다.","징크옥사이드, 티타늄디옥사이드, 에칠헥실살리실레이트, 호모살레이트, 판테놀, 세라마이드, 마데카소사이드",강력차단,#저자극선크림 #민감성선크림 #무기자차 #톤업선크림 #수분선크림 #시카선크림,"['휴대성좋음', '만족', '재구매의향있음', '발림성좋음', '가볍게발림']"
6005631,달바 워터풀 톤업 선크림 (내추럴 커버 베이지) 50ml+50ml (23호),달바,19세 이하,,39.0,72000.0,72000.0,,0,50ml,SPF 50+,PA++++,혼합자차,"달바 워터풀 톤업 선크림은 71% 수분 에센스 성분과 화이트 트러플 성분이 함유되어 촉촉하고 들뜸 없이 부드러운 발림성을 선사하며, 피부톤 보정과 자외선 차단 기능까지 갖춘 제품입니다. 톤업 및 커버 효과를 통해 자연스럽고 톤 보정된 피부 연출이 가능하며, SPF50+/PA++++의 강력한 자외선 차단 지수로 외부 환경으로부터 피부를 보호합니다.

- 71% 수분 에센스 함유로 촉촉하고 부드러운 발림성
- 톤업 & 커버 기능으로 자연스러운 피부 보정
- SPF50+/PA++++ 강력한 자외선 차단
- 피부 자극 테스트 완료

본 상품은 달바 공식 상품입니다.","징크옥사이드, 티타늄디옥사이드, 에칠헥실살리실레이트, 호모살레이트, 토코페롤",강력차단,"톤업선크림, 자외선차단, 수분광채, 커버력, 촉촉한",
6005572,달바 워터풀 톤업 선크림 (내추럴 커버 베이지) 50ml (23호),달바,19세 이하,,40.0,36000.0,36000.0,,0,50ml,SPF 50+,PA++++,혼합자차,"달바 워터풀 톤업 선크림 (내추럴 커버 베이지)은 톤업과 자외선 차단, 피부결 정돈까지 한 번에 가능한 제품입니다. 71% 수분 에센스와 트루퍼롤™ 성분이 피부에 촉촉하고 부드러운 발림성을 선사하며, 피부톤을 자연스럽게 보정해 줍니다. 밀착 레이어 시스템으로 답답함 없이 얇게 발리면서도 강력한 커버력을 자랑합니다. SPF 50+ PA++++로 뜨거운 햇볕으로부터 피부를 안전하게 보호합니다.","징크옥사이드, 티타늄디옥사이드, 에칠헥실메톡시신나메이트, 나이아신아마이드, 병풀추출물, 토코페롤",강력차단,"톤업선크림, 자외선차단, 피부결정돈, 커버력, 촉촉한",
5982004,히알루론산 워터풀 선에센스 + 본품 60ml 추가 증정 기획 세트,셀루마루,19세 이하,,43.0,78000.0,26000.0,,0,50ml,SPF 50+,PA++++,유기자차,"피부가 편안한 저자극 안심 수분 자차
1. 민감 피부 자극 테스트 완료
2. 피부 진정 특허 성분(약쑥) 함유
3. 미백 & 주름 개선 & 자외선 차단
4. 끈적임이나 백탁 없는 산뜻한 사용감
5. 시간이 지나도 건조함 없이 촉촉함 유지","에칠헥실살리실레이트, 나이아신아마이드, 판테놀, 병풀추출물, 알란토인",강력차단,"저자극선크림, 수분선크림, 진정선크림, 민감성선크림, 톤업선크림",
3177639,블루 수분 선크림 50ml SPF 50 PA++++,비레디,20-24세,,8.0,25000.0,21250.0,4.9,1638,50ml,SPF 50+,PA++++,유기자차,"B.READY 블루 수분 선크림은 안전하고 믿을 수 있는 공식 스토어에서 구매 가능합니다. 민감성 피부도 안심하고 사용할 수 있도록 순한 성분으로 만들어졌으며, 피부 진정에 도움을 주는 시카 성분과 수분 공급에 탁월한 히알루론산이 함유되어 있습니다. 끈적임 없이 산뜻하게 발리며, 메이크업 전 사용 시 밀착력을 높여줍니다. 또한, UV 차단 기능과 함께 미백 및 주름 개선 효과까지 갖춘 기능성 제품입니다.","징크옥사이드, 티타늄디옥사이드, 에칠헥실살리실레이트, 병풀추출물",강력차단,"블루선크림, 수분선크림, 시카선크림, 민감성선크림, 톤업선크림","['발림성좋음', '촉촉함', '백탁없음', '끈적임없음', '만족']"
5245232,선포켓 오일컷스틱 15g 노세범,그라펜,20-24세,,23.0,46000.0,24000.0,5.0,7,50ml,SPF 50+,PA++++,혼합자차,"그래펜 톤업 선크림은 피부 톤을 자연스럽게 보정하고 자외선으로부터 피부를 보호하는 제품입니다.
- 자연스러운 톤업 효과
- 강력한 자외선 차단
- 피부 진정 및 보습
- 백탁 현상 없는 산뜻한 마무리감","티타늄디옥사이드, 에칠헥실살리실레이트, 호모살레이트, 나이아신아마이드, 판테놀, 병풀추출물",강력차단,"톤업선크림, 자연스러운톤업, 자외선차단, 피부진정, 산뜻한","['발림성좋음', '가볍게발림', '덧바르기좋음', '만족도높음', '매트함']"
5548674,랩서울 한톤업 선크림 50ml,랩서울,20-24세,,33.0,24000.0,21000.0,4.2,13,50ml,SPF 50+,PA++++,혼합자차,"토탈 집약 케어, 이제 한 번으로 해결!
- 자연스러운 톤업과 메이크업 베이스 겸용
- 유기/무기자차 혼합으로 자외선 완벽 차단
- 피부 진정 및 탄력까지 케어
- 수분 공급 및 피부 장벽 강화
- 스킨케어와 선케어의 결합으로 촉촉한 마무리감","징크옥사이드, 토코페롤",강력차단,"톤업선크림, 메이크업베이스, 혼합자차, 피부진정, 수분광채","['톤업', '촉촉함', '가볍게발림', '간편메이크업용', '끼임없음']"
5409150,마스터즈 에어리치 선스틱 10g + 14g,에이에이치씨,20-24세,,34.0,22000.0,22000.0,4.9,15,50ml,SPF 50+,PA++++,혼합자차,"마스터스 에어리 핏 선세럼
24시간 지속되는 피부 광채 톤업 효과
피부 자극 테스트 완료
강력한 UVA, UVB 차단 효과
미백, 주름개선, 자외선 차단 3중 기능성
끈적임 없이 산뜻하고 촉촉하게 마무리되는 제형","징크옥사이드, 티타늄디옥사이드, 아데노신",강력차단,"선세럼, 톤업, 광채, 자외선차단, 촉촉한","['만족', '만족도높음', '끈적임없음', '번들거림없음', '보송함']"
5378529,까멜리아 선케어 세트(폼클렌저 150ml+선크림 50mlx2개),에비딘,20-24세,,35.0,100000.0,100000.0,,0,50ml,SPF 50+,PA++++,유기자차,"피부 친화적인 수분 광채 케어
1. 은은하고 자연스러운 톤업 효과
2. 산뜻하고 촉촉한 마무리감
3. 민감성 피부도 안심하고 사용
4. 끈적임 없이 산뜻한 사용감","에칠헥실살리실레이트, 나이아신아마이드, 판테놀, 아데노신, 세라마이드, 알란토인",강력차단,"톤업 선크림, 민감성 선크림, 수분 선크림, 자연스러운 톤업, 촉촉한 마무리",
5281053,하이드라 래디언스 유브이 선 에센스 50ml,라피안타,20-24세,,37.0,31000.0,21700.0,4.7,3,50ml,SPF 50+,PA++++,유기자차,"더마 코스메틱 브랜드 라플란타의 하이드라 래디언스 UV 선 에센스.
- 72% 수분 에센스 함유로 촉촉하게 밀착
- 피부 자극 테스트 완료
- 자연 유래 성분 함유
- 백탁 현상 없이 산뜻하게 마무리
- 톤업 효과
- 민감성 피부도 안심하고 사용 가능","호모살레이트, 나이아신아마이드, 아데노신, 토코페롤",강력차단,"라플란타, 선에센스, 수분광채, 톤업, 민감성","['촉촉함', '대량구매', '덧바르기좋음', '데일리사용', '밀림없음']"
5381032,세이프온 톤업 선크림 50ml+(증정) 톤업 선크림 20ml,에이에이치씨,20-24세,,44.0,26000.0,22000.0,,0,50ml,SPF 50+,PA++++,혼합자차,"AHC 세이프온 에어 주름 광채 선크림은 가볍고 촉촉한 사용감으로 답답함 없이 피부를 보호해줍니다. 톤업 효과와 함께 메이크업 베이스 기능까지 갖춰 자연스러운 피부 표현을 완성하며, 자외선 차단과 미백, 주름 개선 기능성까지 갖춘 올인원 선크림입니다.","징크옥사이드, 티타늄디옥사이드, 세라마이드",강력차단,"선크림, 톤업, 광채, 메이크업베이스, 주름개선",
5313849,우유톤업크림썬 150ml,미친스킨,20-24세,,45.0,24900.0,24900.0,,0,150ml,SPF 50+,PA++++,혼합자차,"3중 기능성 톤업 선크림으로 자외선 차단, 미백, 주름 개선 효과를 제공합니다. 피부 수분 충전 및 톤업 효과가 뛰어나며, 150ml 대용량으로 온 가족이 사용하기 좋습니다.","티타늄디옥사이드, 에칠헥실살리실레이트, 나이아신아마이드, 아데노신, 마데카소사이드, 병풀추출물, 글루타치온",강력차단,"톤업 선크림, 자외선 차단, 미백, 주름개선, 글루타치온",
5313848,우유톤업크림썬 150ml 2개,미친스킨,20-24세,,46.0,46900.0,46900.0,,0,150ml,SPF 50+,PA++++,혼합자차,"바르는 순간 톤업 효과를 선사하는 밀크 톤업 크림입니다. 자외선 차단 기능은 물론, 피부 톤 보정 및 주름 개선, 미백 기능까지 3중 기능성을 갖추고 있습니다. 150ml 대용량으로 얼굴뿐 아니라 노출 부위 어디든 사용 가능하며, 글루타치온 성분이 함유되어 피부에 탄력을 부여하고 건강하게 가꾸는 데 도움을 줍니다.","티타늄디옥사이드, 에칠헥실살리실레이트, 나이아신아마이드, 아데노신, 세라마이드, 마데카소사이드, 병풀추출물, 글루타치온, 스쿠알란",강력차단,"톤업크림, 자외선차단, 주름개선, 미백, 글루타치온",
5286979,선 프로젝트 쉬머 선 에센스 40ml,땡큐파머,20-24세,,48.0,29000.0,29000.0,,0,40ml,SPF 50+,PA++++,유기자차,"피부 고민을 덜어주는 듀이한 톤업 선세럼. 톤업 효과, 촉촉함, 자외선 차단 기능까지 한번에.
- 듀이한 톤업 효과로 맑고 투명한 피부 연출
- 촉촉한 에센스 제형으로 답답함 없이 편안하게
- SPF50+ PA++++로 강력한 자외선 차단
- 민감성 피부도 안심하고 사용할 수 있는 순한 성분
환절기에도 촉촉하게 피부를 보호하세요.","에칠헥실메톡시신나메이트, 에칠헥실살리실레이트, 나이아신아마이드, 판테놀, 아데노신, 세라마이드, 토코페롤, 알란토인",강력차단,"톤업선세럼, 자외선차단, 피부보습, 민감성, 듀이한",
4988633,워터뱅크 유브이 베리어 선크림 50ml,라네즈,25세-29세,,5.0,28000.0,24920.0,4.9,88,50ml,SPF 50+,PA++++,혼합자차,"수분광채 피부 바탕을 완성하는 워터뱅크 라인.
- 끈적임 없이 촉촉하게!
- 산뜻한 수분광채!
- 피부 빈틈없이 촘촘하게!
- 자외선 차단 및 피부톤 보정 효과!
- 백탁 없이 부드러운 발림성","티타늄디옥사이드, 에칠헥실살리실레이트",강력차단,"워터뱅크, 선크림, 수분광채, 톤업, 촉촉한","['발림성좋음', '촉촉함', '가볍게발림', '수분감', '만족']"
3973983,[증정][2개구성] 수딩 핑크 톤업 선크림 50ml,메이크프렘,25세-29세,,8.0,52000.0,41600.0,4.8,234,50ml,SPF 50+,PA++++,혼합자차,"메이크프렘 수딩 핑크 톤업 선크림은 맑은 핑크빛으로 톤업 효과를 선사하며, 하루 종일 24시간 지속력을 자랑합니다. 칼라민 성분 함유로 민감성 피부 진정에도 도움을 주고, 자외선으로부터 피부를 보호합니다.","징크옥사이드, 티타늄디옥사이드, 마데카소사이드, 토코페롤, 알란토인",강력차단,"톤업, 자외선차단, 민감성, 진정, 핑크톤","['발림성좋음', '톤업', '자연스러움', '만족', '만족도높음']"
4924341,내츄럴 라이트 선 톤업 50ml,그라운드랩,25세-29세,,14.0,25000.0,25000.0,4.9,33,50ml,SPF 50+,PA++++,무기자차,"기미, 잡티, 색소침착 등으로 칙칙한 피부 톤을 자연스럽게 커버하여 맑고 깨끗한 피부를 연출합니다. 덧발라도 뭉치거나 두꺼워지지 않으며, 끈적임 없이 산뜻하고 보송한 마무리감을 선사합니다. 땀과 물에도 강해 무너짐 없이 하루 종일 깨끗하게 유지됩니다. 피부 표면에 얇고 부드러운 막을 형성하여 외부 자극으로부터 피부를 보호합니다.","징크옥사이드, 티타늄디옥사이드, 에칠헥실살리실레이트, 토코페롤",강력차단,"톤업, 커버, 무기자차, 끈적임없는, 산뜻한","['끈적임없음', '발림성좋음', '백탁없음', '촉촉함', '톤업']"
5196207,시카 수분 선쿠션 15g SPF50+ PA++++,벤튼,25세-29세,,18.0,32000.0,18200.0,5.0,6,15g,SPF 50+,PA++++,혼합자차,"유기자차와 무기자차의 장점을 모두 담아 번거로움 없이 산뜻하고 촉촉하게 사용할 수 있는 쿠션형 선크림입니다. SPF50+, PA++++의 강력한 자외선 차단 효과와 함께 피부 진정, 보습, 톤업 등 다양한 효과를 제공하여 민감성 피부도 안심하고 사용할 수 있습니다. 또한, 무기자차와 유기자차의 장점만을 결합하여 백탁 현상 없이 맑고 자연스러운 피부 표현이 가능하며, 편리한 쿠션 타입으로 언제 어디서나 간편하게 덧바를 수 있습니다.","티타늄디옥사이드, 판테놀, 마데카소사이드, 토코페롤, 알란토인",강력차단,"혼합자차, 수분광채, 톤업, 진정, 촉촉한","['휴대성좋음', '백탁없음', '촉촉함', '쿨링감', '괜찮음']"
3590165,블랙스네일 글루타치온 톤업 선 50mL,닥터지,25세-29세,,49.0,32000.0,30000.0,4.7,22,50ml,SPF 50+,PA++++,혼합자차,"블랙 스네일 글루타치온 톤업 선크림은 피부 탄력 개선, 톤업 효과, 자외선 차단, 수분 공급 등 복합적인 스킨케어 기능을 제공합니다. 3000만 돌파 기념 30% 할인 프로모션을 진행 중이며, 스킵케어 및 메이크업 전 단계에 활용 가능한 제품입니다.","징크옥사이드, 티타늄디옥사이드, 나이아신아마이드, 판테놀, 아데노신, 세라마이드, 글루타치온, 토코페롤",강력차단,"블랙스네일, 글루타치온, 톤업선크림, 자외선차단, 스킨케어","['톤업', '건조함', '만족', '배송빠름', '자연스러움']"
2494640,파데프리 선크림 50mlx2개 (+미니어처15ml 증정),마녀공장,30세-34세,,14.0,56000.0,39200.0,4.8,107,50ml,SPF 50+,PA++++,유기자차,"파데 한 듯, 안 한 듯 내추럴 톤 쌩얼 자신감.

- 번들거림 없이 산뜻하게.
- 메이크업 없이 선크림만 발라도 톤업.
- 피부에 순하게.
- 지구와 피부를 위한 클린 선크림.

자연스러운 톤업 선크림.","에칠헥실메톡시신나메이트, 나이아신아마이드, 아데노신",강력차단,"톤업 선크림, 파데프리 선크림, 자연스러운, 내추럴, 클린","['촉촉함', '발림성좋음', '재구매', '간편사용', '톤업']"
3312904,아쿠아 365 유브이 선크림 40ml,에스네이처,30세-34세,,29.0,20000.0,18000.0,4.9,931,40ml,SPF 50+,PA++++,유기자차,"365일 믿고 쓰는 아쿠아 365 유브이 선크림은 강력한 자외선 차단 효과를 제공하며, 피부 톤업, 주름 개선, 보습 효과를 동시에 갖춘 올인원 선크림입니다. 민감성 피부도 안심하고 사용할 수 있으며, 환경을 생각하는 클린 뷰티를 실천합니다.","에칠헥실살리실레이트, 호모살레이트, 아데노신, 병풀추출물, 토코페롤",강력차단,"자외선차단, 톤업, 주름개선, 보습, 민감성","['촉촉함', '발림성좋음', '백탁없음', '순함', '끈적임없음']"
2976148,아쿠아 옴므 올인원 선 플루이드 SPF50+ PA+++ 2개,싸이닉,30세-34세,,32.0,24000.0,16800.0,4.9,49,100ml,SPF 50+,PA++++,혼합자차,"자외선 차단은 물론, 피부 진정 및 톤 보정까지
- ""바쁜 아침 귀찮은 선크림""
- ""바르고 나가면 """", ""
- ""쉐어버터, 병풀추출물 함유""
- ""자외선 차단, 미백, 주름 개선 3중 기능성""
피부에 닿는 즉시 쿨링감과 산뜻함 제공","징크옥사이드, 티타늄디옥사이드, 에칠헥실살리실레이트, 병풀추출물, 토코페롤",강력차단,"쿨링 선크림, 진정 선크림, 톤업 선크림, 3중 기능성, 산뜻한 마무리","['올인원', '발림성좋음', '배송빠름', '가성비', '만족']"
5845374,[X2]선 세럼 베이스 SPF50+,어바웃톤,30세-34세,,45.0,36000.0,25200.0,5.0,3,14g,SPF 50+,PA++++,유기자차,"ABOUT____TONE. 스킨 레이어 핏 쿠션.
- 얇고 가볍게 발리면서도 빈틈없이 커버.
- 덧발라도 뭉침 없이 맑고 깨끗한 피부 표현.
- 24시간 지속되는 톤업 효과.","징크옥사이드, 티타늄디옥사이드, 히알루론산",강력차단,"스킨핏쿠션, 얇은쿠션, 커버력좋은쿠션, 톤업쿠션, 롱래스팅쿠션","['눈시림없음', '만족도높음', '사용량많음', '작음', '잘스며듦']"
3536112,[증정] 유브이 디펜스 노세범 선크림 50ml,메이크프렘,35세-39세,,1.0,24000.0,20400.0,4.9,623,50ml,SPF 50+,PA++++,무기자차,"피지 조절 효과와 톤업 효과를 동시에! 6시간 피지 지속력과 톤업 효과가 22시간 유지되는 메이크프렘의 시그니처 선크림.

1. 피부 톤업 및 피지 조절 효과: 바르는 순간 자연스러운 톤업 효과와 함께 번들거림 없이 산뜻하게 마무리.
2. 6시간 피지 지속력: 6시간 동안 피지 분비량을 감소시켜 끈적임 없이 유지.
3. 민감성 피부 테스트 완료: 민감성 피부도 안심하고 사용할 수 있도록 피부 테스트 완료.","징크옥사이드, 티타늄디옥사이드, 토코페롤",강력차단,"메이크프렘, 피지컨트롤, 톤업, 선크림, 민감성","['발림성좋음', '보송함', '만족도높음', '백탁없음', '지성피부추천']"
3262900,톤업 노세범 선스크린 EX SPF 50+ PA4+ 60mL 2개,이니스프리,35세-39세,,15.0,48000.0,33600.0,4.8,742,40ml,SPF 50+,PA++++,혼합자차,24시간 메이크업 지속력을 유지하는 톤업 선크림. 1. 자연스러운 톤 보정으로 쌩얼 같은 피부 표현 2. 끈적임 없이 산뜻한 마무리감 3. 민감한 피부에도 순하게 사용 가능 4. 강력한 UV 차단 효과,"징크옥사이드, 티타늄디옥사이드, 토코페롤",강력차단,"톤업선크림, 자연스러운피부표현, 산뜻한마무리감, 순한선크림, 메이크업지속력","['톤업', '만족', '보송함', '재구매', '재구매의향있음']"
1250135,브라이트닝 업 선 플러스 50ml,닥터지,35세-39세,,24.0,32000.0,19900.0,4.9,655,50ml,SPF 50+,PA++++,무기자차,"24시간 화사하고 톤업되는 보송 톤업 선크림입니다. 끈적임 없이 산뜻하게 발리면서 피부톤을 보정해주며, 피지 컨트롤 효과로 보송한 피부를 유지시켜 줍니다. 또한, 해양 생물에 흡수되지 않는 논-나노 입자를 사용하여 지구까지 생각하는 클린 뷰티 선크림입니다.","징크옥사이드, 티타늄디옥사이드, 에칠헥실살리실레이트, 나이아신아마이드, 판테놀, 아데노신, 토코페롤",강력차단,"톤업선크림, 보송, 피지컨트롤, 자외선차단, 논나노","['톤업', '만족', '발림성좋음', '만족도높음', '끈적임없음']"
4912083,스킨핏 미네랄 무기자차 톤업 선크림 SPF50+/PA++++ 50mL,벤튼,35세-39세,,32.0,20000.0,14000.0,4.9,156,50ml,SPF 50+,PA++++,무기자차,"일상에서 신경 쓰이는 자외선, 이제 벤튼 스킨핏 미네랄 선크림으로 간편하게 데일리 선케어를 시작하세요. 백탁 없이 자연스러운 톤업, 끈적임 없는 산뜻한 마무리감, 민감성 피부도 안심하고 사용할 수 있는 순한 징크 무기자차 선크림입니다. 또한, 미세 플라스틱 및 해양 생태계에 유해한 성분을 배제하여 환경까지 생각한 착한 제품입니다.","징크옥사이드, 티타늄디옥사이드, 나이아신아마이드, 판테놀, 아데노신, 병풀추출물, 토코페롤",강력차단,"순한선크림, 무기자차선크림, 백탁없는선크림, 민감성선크림, 톤업선크림","['발림성좋음', '만족도높음', '무기자차', '백탁없음', '재구매의향있음']"
5821924,데일리 미네랄 톤업 선블록 50ml SPF50+ PA++++,빌라쥬11팩토리,35세-39세,,43.0,18000.0,12600.0,,0,50ml,SPF 50+,PA++++,무기자차,24시간 지속되는 톤업 선블록. 강력한 자외선 차단과 블루라이트 차단 효과. 한국 비건 인증 획득. 피부 저자극 테스트 완료.,"징크옥사이드, 티타늄디옥사이드, 세라마이드",강력차단,"톤업 선블록, 자외선 차단, 블루라이트 차단, 비건 인증, 저자극",
3874022,슈퍼드랍스 - 멀티비타민 선퀴드 50ml,빌리프,35세-39세,,46.0,36000.0,32400.0,5.0,19,50ml,SPF 50+,PA++++,유기자차,"벨립 슈퍼 트루스 멀티 비타민 선쉴드 SPF50+ PA++++

1.  자외선 차단은 기본, 피부 컨디션까지 끌어올리는 새로운 선제품
2.  183% 열감 개선, 61% 붉은기 개선, 1.57% 피부톤 개선, 1.07% 잡티 개선
3.  환절기 자외선으로부터 피부를 빈틈없이 케어

미백/자외선 차단 2중 기능성 화장품","에칠헥실살리실레이트, 호모살레이트, 판테놀",강력차단,"자외선차단, 비타민선크림, 수분, 진정, 톤업","['광채', '만족', '촉촉함', '발림성좋음', '할인구매']"
1901805,[2개/유기자차] 선뮤즈 모이스처 선크림 50ml(SPF50+/PA++++),비플레인,35세-39세,,48.0,52000.0,33800.0,4.9,305,50ml,SPF 50+,PA++++,유기자차,"수분광채를 머금은 선크림
- 끈적임 없는 수분광채 피부
- 답답함 없이 산뜻한 마무리감
- 피부 자극 테스트 완료
- 번들거림 없이 톤업 효과
4계절 내내 부담 없이 사용 가능","티타늄디옥사이드, 에칠헥실살리실레이트, 호모살레이트, 토코페롤",강력차단,"수분 선크림, 촉촉한 선크림, 톤업 선크림, 순한 선크림, 끈적임 없는 선크림","['발림성좋음', '백탁없음', '촉촉함', '재구매', '만족도높음']"
4269189,[2pack] 비건라이스 밀크 수분 선크림 50ml,구달,40세 이상,,24.0,40000.0,28000.0,4.7,18,70ml,SPF 50+,PA++++,유기자차,민감성 피부도 안심하고 사용할 수 있는 순한 비건 라이스 밀크 선크림,"티타늄디옥사이드, 세라마이드, 토코페롤",강력차단,"비건, 민감성, 저자극, 밀크 제형, 산뜻함, 보습, 톤업, 24시간 지속","['무기자차', '발림성좋음', '촉촉함', '덧바르기좋음', '순함']"
4110689,마린 아스타잔틴 속살 톤업 선크림 50g 1개,성분에디터,40세 이상,,26.0,36000.0,11800.0,5.0,5,50ml,SPF 50+,PA++++,혼합자차,"피부 속부터 겉까지 톤업 효과를 선사하는 톤업 선크림입니다. 끈적임 없이 촉촉하게 발리며, 자연스러운 복숭아 속살빛 톤업과 미백, 주름 개선, 자외선 차단 기능까지 제공합니다.
- 3중 톤 필터링으로 톤업, 피부톤, 자외선 차단 효과 동시 케어
- 마린 아스타잔틴 함유로 비타민 C보다 6,000배 강력한 항산화 효과
- 피부 저자극 테스트 완료, 순한 사용감
- 리프 프렌들리 선 제품으로 해양 환경까지 생각

바쁜 아침, 스킨케어와 톤업을 동시에 해결해주는 데일리 아이템입니다.","징크옥사이드, 티타늄디옥사이드, 에칠헥실살리실레이트, 나이아신아마이드",강력차단,"톤업 선크림, 복숭아 속살빛, 아스타잔틴, 3중 톤 필터링, 피부 저자극","['n회구매', '기본템', '끈적임없음', '데일리사용', '만족']"
3262897,유브이 액티브 포어리스 선스크린 SPF50+ PA4+ 50mL 2개,이니스프리,40세 이상,,38.0,56000.0,39200.0,4.9,206,50ml,SPF 50+,PA++++,유기자차,"수분감 넘치는 촉촉한 제형으로 끈적임 없이 산뜻하게 마무리되는 톤업 선크림.
- 96% 자연 유래 성분으로 순하게
- 100% 비건 포뮬러
- 피부 톤을 화사하게 밝혀주는 톤업 효과
- 자연스러운 커버력으로 결점 없이 매끈한 피부 연출
답답함 없는 사용감과 편안한 보호력을 선사합니다.","에칠헥실메톡시신나메이트, 아데노신, 판테놀",강력차단,"수분 톤업 선크림, 촉촉한, 산뜻한, 비건, 자연 유래","['발림성좋음', '톤업', '재구매', '재구매의향있음', '백탁없음']"
5084191,톤업 CE 선크림 40ml,베이지크,40세 이상,,43.0,36000.0,36000.0,4.8,31,40ml,SPF 50+,PA++++,혼합자차,"자연스러운 톤업과 강력한 자외선 차단 기능을 동시에 제공하는 톤업 CE 선크림입니다. 답답함 없이 피부에 밀착되어 매끈한 피부 표현을 완성하며, 미백과 주름 개선 기능까지 갖춰 스킨케어 효과까지 선사합니다. 민감한 피부도 안심하고 사용할 수 있습니다.","징크옥사이드, 티타늄디옥사이드, 아데노신",강력차단,"톤업 선크림, 자외선 차단, 메이크업 베이스, 피부톤 보정, 민감성 피부","['발림성좋음', '배송빠름', '톤업', '자연스러움', '재구매의향있음']"
5062968,빤쮸토끼 에센스 선크림 에디션 BY GF 50ml_Y25,포레스트,40세 이상,,46.0,15800.0,10000.0,5.0,3,80ml,SPF 50+,PA++++,유기자차,"수분을 가득 채운 워터리 에센스 선크림입니다.
- 수분 에센스처럼 촉촉하고 답답함 없이 발라집니다.
- 피부 톤업 및 보정 효과가 있습니다.
- 민감성 피부도 안심하고 사용할 수 있습니다.
- 4계절 데일리 선크림으로 적합합니다.","에칠헥실살리실레이트, 호모살레이트, 세라마이드, 병풀추출물",강력차단,"수분 선크림, 워터리 에센스, 데일리 선크림, 민감성 피부, 톤업","['자극감', '때처럼 밀림', '묻어남', '번들거림', '원하는향']"
