연령대,직업 유형,선케어 제품을 사용하는 상황,선케어 제품 사용 빈도,선케어 제품 사용 시 불편한 점,선케어 제품 구매 시 중요하게 생각하는 요소,톤업 선크림에 대한 의견,톤업 선크림 사용 경험,톤업 선크림을 사용하는 이유,톤업 선크림을 주로 사용하는 상황,톤업 선크림을 사용하지 않는 이유,어느 정도의 톤업 효과까지 허용,어떤 경우 톤업 선크림을 사용할 의향,뷰티 제품을 구매하는 곳,뷰티 제품 정보를 얻는 곳,신뢰하는 정보 출처,헤라 인지 여부,헤라 브랜드 이미지
35세 - 39세,사무직 (일반 기업/공기업/공공기관 등),외출 시 (일상),거의 매일 사용,백탁현상,"브랜드 신뢰도, 성분 안정성",피부를 자연스럽게 정리해주는 제품,현재 사용 중,자연스럽게 정리된 인상을 주기 위해,출근 / 등교,,피부톤을 밝아지게 하는 정도,"자연스러운 피부 밝기 표현, 발림성이 좋음","올리브영 앱 / 웹사이트, 브랜드 매장 (로드샵 / 백화점)",지인 추천,지인 추천,,
30세 - 34세,영업직 (대면/외근 중심 업무),야외활동 / 여행 시,주 1~2회 사용,끈적임,"발림성 (부드러움), 피부 표현 (톤 보정 등), 끈적임 없음 / 산뜻함",메이크업 제품에 가깝다고 생각,과거 사용 경험 있음,,,사용이 번거로워서,피부톤을 밝아지게 하는 정도,"끈적임 없음 / 빠른 흡수, 피부 트러블이 없음",올리브영 오프라인 매장,지인 추천,실제 사용자 리뷰,,
35세 - 39세,사무직 (일반 기업/공기업/공공기관 등),출근 / 등교 시,거의 매일 사용,번거로움,"피부 표현 (톤 보정 등), 끈적임 없음 / 산뜻함",피부를 자연스럽게 정리해주는 제품,현재 사용 중,자외선 차단과 피부 보정을 동시에 하기 위해,출근 / 등교,,피부 결점을 커버해주는 정도,자연스러운 피부 밝기 표현,"올리브영 오프라인 매장, 브랜드 공식몰",지인 추천,실제 사용자 리뷰,,
30세 - 34세,사무직 (일반 기업/공기업/공공기관 등),출근 / 등교 시,주 3~5회 사용,백탁현상,"발림성 (부드러움), 끈적임 없음 / 산뜻함",피부를 자연스럽게 정리해주는 제품,과거 사용 경험 있음,,,필요성을 느끼지 못해서,피부톤을 밝아지게 하는 정도,"자연스러운 피부 밝기 표현, 발림성이 좋음","올리브영 오프라인 매장, 브랜드 공식몰","SNS (인스타그램, 틱톡 등)",실제 사용자 리뷰,,
30세 - 34세,사무직 (일반 기업/공기업/공공기관 등),사용하지 않음,거의 사용하지 않음,끈적임,"발림성 (부드러움), 끈적임 없음 / 산뜻함",기능이 애매하다고 생각,사용 경험 없음,,,제품에 대해 잘 몰라서,피부 결점을 커버해주는 정도,피부 트러블이 없음,"올리브영 오프라인 매장, 올리브영 앱 / 웹사이트, 오픈마켓 (쿠팡, 11번가, G마켓 등)",유튜브,전문가 / 유튜버,,
35세 - 39세,사무직 (일반 기업/공기업/공공기관 등),외출 시 (일상),거의 사용하지 않음,피부 트러블 발생,"발림성 (부드러움), 피부 표현 (톤 보정 등), 끈적임 없음 / 산뜻함, 백탁이 없음, 성분 안정성",기능이 애매하다고 생각,과거 사용 경험 있음,,,화장처럼 보일 것 같아서,자연스럽고 깔끔한 인상을 만들어주는 정도 (피부결 정리),"자연스러운 피부 밝기 표현, 끈적임 없음 / 빠른 흡수","올리브영 오프라인 매장, 네이버 쇼핑 / 스마트스토어",유튜브,브랜드 공식 정보,,
35세 - 39세,자영업 / 프리랜서,사용하지 않음,거의 사용하지 않음,끈적임,"끈적임 없음 / 산뜻함, 성분 안정성",피부를 자연스럽게 정리해주는 제품,사용 경험 없음,,,제품에 대해 잘 몰라서,자연스럽고 깔끔한 인상을 만들어주는 정도 (피부결 정리),"발림성이 좋음, 끈적임 없음 / 빠른 흡수","네이버 쇼핑 / 스마트스토어, 오픈마켓 (쿠팡, 11번가, G마켓 등)",리뷰 / 커뮤니티,실제 사용자 리뷰,,
30세 - 34세,사무직 (일반 기업/공기업/공공기관 등),야외활동 / 여행 시,거의 사용하지 않음,끈적임,"발림성 (부드러움), 끈적임 없음 / 산뜻함",기능이 애매하다고 생각,사용 경험 없음,,,자연스럽지 않을 것 같아서,자연스럽고 깔끔한 인상을 만들어주는 정도 (피부결 정리),"자연스러운 피부 밝기 표현, 끈적임 없음 / 빠른 흡수",올리브영 앱 / 웹사이트,리뷰 / 커뮤니티,지인 추천,,
25세 - 29세,사무직 (일반 기업/공기업/공공기관 등),운동 / 레저 활동 시,주 3~5회 사용,백탁현상,백탁이 없음,잘 모르겠다,사용 경험 없음,,,제품에 대해 잘 몰라서,완벽한 피부 화장을 한 것처럼 보이는 정도,"자연스러운 피부 밝기 표현, 피부 트러블이 없음","올리브영 오프라인 매장, 오픈마켓 (쿠팡, 11번가, G마켓 등)",지인 추천,지인 추천,,
25세 - 29세,사무직 (일반 기업/공기업/공공기관 등),외출 시 (일상),주 3~5회 사용,피부 트러블 발생,"발림성 (부드러움), 끈적임 없음 / 산뜻함",피부를 자연스럽게 정리해주는 제품,과거 사용 경험 있음,,,자연스럽지 않을 것 같아서,자연스럽고 깔끔한 인상을 만들어주는 정도 (피부결 정리),"자연스러운 피부 밝기 표현, 끈적임 없음 / 빠른 흡수","네이버 쇼핑 / 스마트스토어, SNS / 라이브커머스","SNS (인스타그램, 틱톡 등)",실제 사용자 리뷰,,
25세 - 29세,"서비스직 (고객 응대, 매장 근무 등)",운동 / 레저 활동 시,주 1~2회 사용,번거로움,끈적임 없음 / 산뜻함,화장한 느낌이 나는 것,사용 경험 없음,,,화장처럼 보일 것 같아서,피부톤을 밝아지게 하는 정도,"끈적임 없음 / 빠른 흡수, 남성 전용 제품",올리브영 앱 / 웹사이트,지인 추천,지인 추천,,
30세 - 34세,사무직 (일반 기업/공기업/공공기관 등),외출 시 (일상),주 3~5회 사용,눈 시림,발림성 (부드러움),잘 모르겠다,사용 경험 없음,,,화장처럼 보일 것 같아서,자연스럽고 깔끔한 인상을 만들어주는 정도 (피부결 정리),끈적임 없음 / 빠른 흡수,"올리브영 앱 / 웹사이트, 네이버 쇼핑 / 스마트스토어",지인 추천,지인 추천,,
25세 - 29세,자영업 / 프리랜서,사용하지 않음,거의 사용하지 않음,번거로움,"끈적임 없음 / 산뜻함, 사용 편의성(선스틱, 선 밤 등)",잘 모르겠다,사용 경험 없음,,,제품에 대해 잘 몰라서,피부 결점을 커버해주는 정도,"자연스러운 피부 밝기 표현, 남성 전용 제품","올리브영 오프라인 매장, 올리브영 앱 / 웹사이트",유튜브,실제 사용자 리뷰,,
25세 - 29세,"서비스직 (고객 응대, 매장 근무 등)",외출 시 (일상),주 3~5회 사용,끈적임,"발림성 (부드러움), 가격",잘 모르겠다,사용 경험 없음,,,사용이 번거로워서,자연스럽고 깔끔한 인상을 만들어주는 정도 (피부결 정리),"발림성이 좋음, 끈적임 없음 / 빠른 흡수","올리브영 오프라인 매장, 올리브영 앱 / 웹사이트","SNS (인스타그램, 틱톡 등)",전문가 / 유튜버,,
30세 - 34세,"서비스직 (고객 응대, 매장 근무 등)",운동 / 레저 활동 시,거의 사용하지 않음,번거로움,"발림성 (부드러움), 끈적임 없음 / 산뜻함",기능이 애매하다고 생각,과거 사용 경험 있음,,,화장처럼 보일 것 같아서,자연스럽고 깔끔한 인상을 만들어주는 정도 (피부결 정리),"끈적임 없음 / 빠른 흡수, 피부 트러블이 없음",올리브영 오프라인 매장,"SNS (인스타그램, 틱톡 등)",실제 사용자 리뷰,,
30세 - 34세,"서비스직 (고객 응대, 매장 근무 등)",운동 / 레저 활동 시,거의 사용하지 않음,끈적임,끈적임 없음 / 산뜻함,화장한 느낌이 나는 것,사용 경험 없음,,,자연스럽지 않을 것 같아서,자연스럽고 깔끔한 인상을 만들어주는 정도 (피부결 정리),"자연스러운 피부 밝기 표현, 끈적임 없음 / 빠른 흡수","올리브영 오프라인 매장, 네이버 쇼핑 / 스마트스토어",리뷰 / 커뮤니티,실제 사용자 리뷰,,
30세 - 34세,사무직 (일반 기업/공기업/공공기관 등),"중요한 일정 (미팅, 소개팅 등)",주 1~2회 사용,피부 트러블 발생,"피부 표현 (톤 보정 등), 끈적임 없음 / 산뜻함, 성분 안정성",피부를 자연스럽게 정리해주는 제품,과거 사용 경험 있음,,,자연스럽지 않을 것 같아서,피부 결점을 커버해주는 정도,"자연스러운 피부 밝기 표현, 피부 트러블이 없음",올리브영 오프라인 매장,리뷰 / 커뮤니티,실제 사용자 리뷰,,
30세 - 34세,무직 / 기타,운동 / 레저 활동 시,거의 사용하지 않음,끈적임,"발림성 (부드러움), 끈적임 없음 / 산뜻함",메이크업 제품에 가깝다고 생각,사용 경험 없음,,,화장처럼 보일 것 같아서,자연스럽고 깔끔한 인상을 만들어주는 정도 (피부결 정리),"자연스러운 피부 밝기 표현, 끈적임 없음 / 빠른 흡수","올리브영 오프라인 매장, 올리브영 앱 / 웹사이트",지인 추천,지인 추천,,
24세 이하,학생,외출 시 (일상),주 3~5회 사용,끈적임,"끈적임 없음 / 산뜻함, 가격",피부를 자연스럽게 정리해주는 제품,현재 사용 중,기타,일상적인 외출,,자연스럽고 깔끔한 인상을 만들어주는 정도 (피부결 정리),"자연스러운 피부 밝기 표현, 끈적임 없음 / 빠른 흡수",네이버 쇼핑 / 스마트스토어,유튜브,지인 추천,,
25세 - 29세,무직 / 기타,외출 시 (일상),거의 매일 사용,피부 트러블 발생,"피부 표현 (톤 보정 등), 끈적임 없음 / 산뜻함, 성분 안정성",피부를 자연스럽게 정리해주는 제품,현재 사용 중,피부가 좋아 보이게 해서,일상적인 외출,,자연스럽고 깔끔한 인상을 만들어주는 정도 (피부결 정리),"자연스러운 피부 밝기 표현, 끈적임 없음 / 빠른 흡수, 피부 트러블이 없음",올리브영 오프라인 매장,"SNS (인스타그램, 틱톡 등)",전문가 / 유튜버,,
24세 이하,기술직/생산직,외출 시 (일상),주 3~5회 사용,번거로움,"발림성 (부드러움), 끈적임 없음 / 산뜻함, 성분 안정성, 사용 편의성(선스틱, 선 밤 등)",피부를 자연스럽게 정리해주는 제품,과거 사용 경험 있음,,,제품에 대해 잘 몰라서,자연스럽고 깔끔한 인상을 만들어주는 정도 (피부결 정리),"자연스러운 피부 밝기 표현, 발림성이 좋음, 끈적임 없음 / 빠른 흡수, 피부 트러블이 없음","올리브영 오프라인 매장, 올리브영 앱 / 웹사이트, 브랜드 공식몰","SNS (인스타그램, 틱톡 등)",전문가 / 유튜버,,
25세 - 29세,무직 / 기타,외출 시 (일상),주 3~5회 사용,끈적임,"발림성 (부드러움), 끈적임 없음 / 산뜻함",잘 모르겠다,사용 경험 없음,,,화장처럼 보일 것 같아서,자연스럽고 깔끔한 인상을 만들어주는 정도 (피부결 정리),"자연스러운 피부 밝기 표현, 끈적임 없음 / 빠른 흡수","올리브영 오프라인 매장, 올리브영 앱 / 웹사이트",지인 추천,지인 추천,,
30세 - 34세,"전문직 (의사, 변호사, 회계사 등)",외출 시 (일상),주 3~5회 사용,눈 시림,"발림성 (부드러움), 피부 표현 (톤 보정 등), 끈적임 없음 / 산뜻함, 가격",피부를 자연스럽게 정리해주는 제품,현재 사용 중,자외선 차단과 피부 보정을 동시에 하기 위해,약속 / 소개팅,,피부톤을 밝아지게 하는 정도,"자연스러운 피부 밝기 표현, 발림성이 좋음","올리브영 오프라인 매장, 오픈마켓 (쿠팡, 11번가, G마켓 등)",유튜브,실제 사용자 리뷰,,
35세 - 39세,사무직 (일반 기업/공기업/공공기관 등),출근 / 등교 시,주 1~2회 사용,끈적임,"발림성 (부드러움), 끈적임 없음 / 산뜻함",피부를 자연스럽게 정리해주는 제품,사용 경험 없음,,,제품에 대해 잘 몰라서,자연스럽고 깔끔한 인상을 만들어주는 정도 (피부결 정리),"끈적임 없음 / 빠른 흡수, 남성 전용 제품",올리브영 오프라인 매장,지인 추천,지인 추천,,
24세 이하,무직 / 기타,외출 시 (일상),거의 매일 사용,백탁현상,"발림성 (부드러움), 끈적임 없음 / 산뜻함",피부를 자연스럽게 정리해주는 제품,현재 사용 중,피부가 좋아 보이게 해서,약속 / 소개팅,,자연스럽고 깔끔한 인상을 만들어주는 정도 (피부결 정리),끈적임 없음 / 빠른 흡수,"올리브영 오프라인 매장, 올리브영 앱 / 웹사이트",유튜브,실제 사용자 리뷰,,
24세 이하,학생,사용하지 않음,거의 사용하지 않음,번들거림,"피부 표현 (톤 보정 등), 가격",잘 모르겠다,과거 사용 경험 있음,,,제품에 대해 잘 몰라서,자연스럽고 깔끔한 인상을 만들어주는 정도 (피부결 정리),피부 트러블이 없음,올리브영 오프라인 매장,유튜브,전문가 / 유튜버,,
25세 - 29세,학생,외출 시 (일상),주 3~5회 사용,끈적임,"발림성 (부드러움), 피부 표현 (톤 보정 등), 끈적임 없음 / 산뜻함",피부를 자연스럽게 정리해주는 제품,사용 경험 없음,,,화장처럼 보일 것 같아서,자연스럽고 깔끔한 인상을 만들어주는 정도 (피부결 정리),"자연스러운 피부 밝기 표현, 발림성이 좋음, 끈적임 없음 / 빠른 흡수",올리브영 오프라인 매장,지인 추천,실제 사용자 리뷰,,
30세 - 34세,사무직 (일반 기업/공기업/공공기관 등),외출 시 (일상),거의 매일 사용,백탁현상,"끈적임 없음 / 산뜻함, 사용 편의성(선스틱, 선 밤 등)",화장한 느낌이 나는 것,사용 경험 없음,,,필요성을 느끼지 못해서,자연스럽고 깔끔한 인상을 만들어주는 정도 (피부결 정리),"발림성이 좋음, 끈적임 없음 / 빠른 흡수","올리브영 오프라인 매장, 브랜드 매장 (로드샵 / 백화점)","SNS (인스타그램, 틱톡 등)",지인 추천,,
25세 - 29세,학생,출근 / 등교 시,거의 매일 사용,끈적임,"끈적임 없음 / 산뜻함, 백탁이 없음",화장한 느낌이 나는 것,과거 사용 경험 있음,,,자연스럽지 않을 것 같아서,자연스럽고 깔끔한 인상을 만들어주는 정도 (피부결 정리),"발림성이 좋음, 끈적임 없음 / 빠른 흡수","올리브영 오프라인 매장, 오픈마켓 (쿠팡, 11번가, G마켓 등)",지인 추천,실제 사용자 리뷰,,
25세 - 29세,무직 / 기타,출근 / 등교 시,주 1~2회 사용,끈적임,"발림성 (부드러움), 끈적임 없음 / 산뜻함",메이크업 제품에 가깝다고 생각,사용 경험 없음,,,자연스럽지 않을 것 같아서,자연스럽고 깔끔한 인상을 만들어주는 정도 (피부결 정리),"자연스러운 피부 밝기 표현, 끈적임 없음 / 빠른 흡수","네이버 쇼핑 / 스마트스토어, 오픈마켓 (쿠팡, 11번가, G마켓 등)",유튜브,실제 사용자 리뷰,,
24세 이하,학생,외출 시 (일상),거의 매일 사용,눈 시림,"발림성 (부드러움), 성분 안정성",메이크업 제품에 가깝다고 생각,과거 사용 경험 있음,,,자연스럽지 않을 것 같아서,피부톤을 밝아지게 하는 정도,"자연스러운 피부 밝기 표현, 피부 트러블이 없음","올리브영 오프라인 매장, 오픈마켓 (쿠팡, 11번가, G마켓 등)",유튜브,전문가 / 유튜버,,
30세 - 34세,사무직 (일반 기업/공기업/공공기관 등),사용하지 않음,거의 사용하지 않음,끈적임,"발림성 (부드러움), 끈적임 없음 / 산뜻함, 백탁이 없음, 사용 편의성(선스틱, 선 밤 등)",잘 모르겠다,사용 경험 없음,,,필요성을 느끼지 못해서,자연스럽고 깔끔한 인상을 만들어주는 정도 (피부결 정리),"발림성이 좋음, 끈적임 없음 / 빠른 흡수","올리브영 오프라인 매장, 오픈마켓 (쿠팡, 11번가, G마켓 등)",유튜브,전문가 / 유튜버,,
24세 이하,"서비스직 (고객 응대, 매장 근무 등)",야외활동 / 여행 시,거의 사용하지 않음,번거로움,끈적임 없음 / 산뜻함,잘 모르겠다,사용 경험 없음,,,필요성을 느끼지 못해서,피부 결점을 커버해주는 정도,"발림성이 좋음, 피부 트러블이 없음","올리브영 오프라인 매장, 종합 쇼핑몰 (SSG, 롯데온 등)",지인 추천,지인 추천,,
25세 - 29세,학생,외출 시 (일상),거의 매일 사용,끈적임,"발림성 (부드러움), 성분 안정성",피부를 자연스럽게 정리해주는 제품,현재 사용 중,자외선 차단과 피부 보정을 동시에 하기 위해,일상적인 외출,,피부톤을 밝아지게 하는 정도,"자연스러운 피부 밝기 표현, 끈적임 없음 / 빠른 흡수","올리브영 오프라인 매장, 대형마트 / 창고형 매장",유튜브,전문가 / 유튜버,,
30세 - 34세,무직 / 기타,야외활동 / 여행 시,주 1~2회 사용,눈 시림,"끈적임 없음 / 산뜻함, 가격",피부를 자연스럽게 정리해주는 제품,과거 사용 경험 있음,,,사용이 번거로워서,피부 결점을 커버해주는 정도,"자연스러운 피부 밝기 표현, 끈적임 없음 / 빠른 흡수","올리브영 오프라인 매장, 대형마트 / 창고형 매장",지인 추천,지인 추천,,
30세 - 34세,사무직 (일반 기업/공기업/공공기관 등),사용하지 않음,거의 사용하지 않음,피부 트러블 발생,"발림성 (부드러움), 끈적임 없음 / 산뜻함",메이크업 제품에 가깝다고 생각,과거 사용 경험 있음,,,필요성을 느끼지 못해서,자연스럽고 깔끔한 인상을 만들어주는 정도 (피부결 정리),"발림성이 좋음, 남성 전용 제품","네이버 쇼핑 / 스마트스토어, 오픈마켓 (쿠팡, 11번가, G마켓 등)","SNS (인스타그램, 틱톡 등)",지인 추천,,
30세 - 34세,기술직/생산직,외출 시 (일상),주 3~5회 사용,백탁현상,"피부 표현 (톤 보정 등), 성분 안정성",메이크업 제품에 가깝다고 생각,사용 경험 없음,,,자연스럽지 않을 것 같아서,자연스럽고 깔끔한 인상을 만들어주는 정도 (피부결 정리),"자연스러운 피부 밝기 표현, 피부 트러블이 없음","올리브영 오프라인 매장, 네이버 쇼핑 / 스마트스토어",지인 추천,브랜드 공식 정보,,
25세 - 29세,무직 / 기타,야외활동 / 여행 시,주 1~2회 사용,눈 시림,"발림성 (부드러움), 끈적임 없음 / 산뜻함, 성분 안정성",피부를 자연스럽게 정리해주는 제품,현재 사용 중,자외선 차단과 피부 보정을 동시에 하기 위해,일상적인 외출,,자연스럽고 깔끔한 인상을 만들어주는 정도 (피부결 정리),"자연스러운 피부 밝기 표현, 발림성이 좋음, 끈적임 없음 / 빠른 흡수, 남성 전용 제품","네이버 쇼핑 / 스마트스토어, 브랜드 공식몰",유튜브,실제 사용자 리뷰,,
25세 - 29세,학생,외출 시 (일상),거의 매일 사용,눈 시림,"피부 표현 (톤 보정 등), 성분 안정성",피부를 자연스럽게 정리해주는 제품,현재 사용 중,자외선 차단과 피부 보정을 동시에 하기 위해,일상적인 외출,,자연스럽고 깔끔한 인상을 만들어주는 정도 (피부결 정리),"자연스러운 피부 밝기 표현, 피부 트러블이 없음","올리브영 오프라인 매장, 네이버 쇼핑 / 스마트스토어",유튜브,전문가 / 유튜버,,
30세 - 34세,"서비스직 (고객 응대, 매장 근무 등)",사용하지 않음,거의 사용하지 않음,번거로움,"발림성 (부드러움), 끈적임 없음 / 산뜻함",피부를 자연스럽게 정리해주는 제품,사용 경험 없음,,,사용이 번거로워서,자연스럽고 깔끔한 인상을 만들어주는 정도 (피부결 정리),"끈적임 없음 / 빠른 흡수, 피부 트러블이 없음","올리브영 오프라인 매장, SNS / 라이브커머스",지인 추천,지인 추천,,
35세 - 39세,사무직 (일반 기업/공기업/공공기관 등),야외활동 / 여행 시,주 1~2회 사용,눈 시림,"끈적임 없음 / 산뜻함, 사용 편의성(선스틱, 선 밤 등)",메이크업 제품에 가깝다고 생각,과거 사용 경험 있음,,,자연스럽지 않을 것 같아서,자연스럽고 깔끔한 인상을 만들어주는 정도 (피부결 정리),"끈적임 없음 / 빠른 흡수, 남성 전용 제품","오픈마켓 (쿠팡, 11번가, G마켓 등)",지인 추천,지인 추천,,
35세 - 39세,"서비스직 (고객 응대, 매장 근무 등)",사용하지 않음,거의 사용하지 않음,끈적임,"끈적임 없음 / 산뜻함, 성분 안정성",화장한 느낌이 나는 것,사용 경험 없음,,,자연스럽지 않을 것 같아서,자연스럽고 깔끔한 인상을 만들어주는 정도 (피부결 정리),"끈적임 없음 / 빠른 흡수, 피부 트러블이 없음",네이버 쇼핑 / 스마트스토어,지인 추천,실제 사용자 리뷰,,
40세 - 44세,사무직 (일반 기업/공기업/공공기관 등),출근 / 등교 시,주 1~2회 사용,끈적임,끈적임 없음 / 산뜻함,화장한 느낌이 나는 것,현재 사용 중,자외선 차단과 피부 보정을 동시에 하기 위해,출근 / 등교,,자연스럽고 깔끔한 인상을 만들어주는 정도 (피부결 정리),"끈적임 없음 / 빠른 흡수, 피부 트러블이 없음","네이버 쇼핑 / 스마트스토어, 오픈마켓 (쿠팡, 11번가, G마켓 등)",유튜브,실제 사용자 리뷰,,
30세 - 34세,"전문직 (의사, 변호사, 회계사 등)",출근 / 등교 시,주 3~5회 사용,피부 트러블 발생,"끈적임 없음 / 산뜻함, 백탁이 없음",피부를 자연스럽게 정리해주는 제품,사용 경험 없음,,,화장처럼 보일 것 같아서,자연스럽고 깔끔한 인상을 만들어주는 정도 (피부결 정리),"자연스러운 피부 밝기 표현, 피부 트러블이 없음","올리브영 오프라인 매장, 네이버 쇼핑 / 스마트스토어",리뷰 / 커뮤니티,실제 사용자 리뷰,,
45세 이상,"전문직 (의사, 변호사, 회계사 등)",야외활동 / 여행 시,거의 사용하지 않음,백탁현상,백탁이 없음,메이크업 제품에 가깝다고 생각,사용 경험 없음,,,자연스럽지 않을 것 같아서,자연스럽고 깔끔한 인상을 만들어주는 정도 (피부결 정리),"자연스러운 피부 밝기 표현, 피부 트러블이 없음","네이버 쇼핑 / 스마트스토어, 오픈마켓 (쿠팡, 11번가, G마켓 등)",리뷰 / 커뮤니티,실제 사용자 리뷰,,
40세 - 44세,기술직/생산직,야외활동 / 여행 시,거의 사용하지 않음,눈 시림,"끈적임 없음 / 산뜻함, 백탁이 없음",잘 모르겠다,사용 경험 없음,,,제품에 대해 잘 몰라서,피부 결점을 커버해주는 정도,"발림성이 좋음, 끈적임 없음 / 빠른 흡수","올리브영 오프라인 매장, 종합 쇼핑몰 (SSG, 롯데온 등)",지인 추천,지인 추천,,
35세 - 39세,자영업 / 프리랜서,외출 시 (일상),주 1~2회 사용,끈적임,끈적임 없음 / 산뜻함,메이크업 제품에 가깝다고 생각,과거 사용 경험 있음,,,화장처럼 보일 것 같아서,자연스럽고 깔끔한 인상을 만들어주는 정도 (피부결 정리),"발림성이 좋음, 끈적임 없음 / 빠른 흡수","올리브영 오프라인 매장, 종합 쇼핑몰 (SSG, 롯데온 등)",지인 추천,지인 추천,,
35세 - 39세,사무직 (일반 기업/공기업/공공기관 등),외출 시 (일상),거의 매일 사용,번들거림,"발림성 (부드러움), 끈적임 없음 / 산뜻함",기능이 애매하다고 생각,사용 경험 없음,,,화장처럼 보일 것 같아서,자연스럽고 깔끔한 인상을 만들어주는 정도 (피부결 정리),"자연스러운 피부 밝기 표현, 끈적임 없음 / 빠른 흡수","올리브영 오프라인 매장, 네이버 쇼핑 / 스마트스토어",리뷰 / 커뮤니티,실제 사용자 리뷰,,
35세 - 39세,자영업 / 프리랜서,사용하지 않음,거의 사용하지 않음,번거로움,끈적임 없음 / 산뜻함,메이크업 제품에 가깝다고 생각,사용 경험 없음,,,자연스럽지 않을 것 같아서,자연스럽고 깔끔한 인상을 만들어주는 정도 (피부결 정리),"자연스러운 피부 밝기 표현, 남성 전용 제품","올리브영 오프라인 매장, 네이버 쇼핑 / 스마트스토어",리뷰 / 커뮤니티,실제 사용자 리뷰,,
24세 이하,학생,출근 / 등교 시,주 3~5회 사용,번거로움,"끈적임 없음 / 산뜻함, 백탁이 없음",기능이 애매하다고 생각,과거 사용 경험 있음,,,필요성을 느끼지 못해서,피부톤을 밝아지게 하는 정도,"자연스러운 피부 밝기 표현, 발림성이 좋음","올리브영 오프라인 매장, 네이버 쇼핑 / 스마트스토어",유튜브,전문가 / 유튜버,,
35세 - 39세,사무직 (일반 기업/공기업/공공기관 등),운동 / 레저 활동 시,거의 사용하지 않음,끈적임,"끈적임 없음 / 산뜻함, 가격, 사용 편의성(선스틱, 선 밤 등)",화장한 느낌이 나는 것,사용 경험 없음,,,제품에 대해 잘 몰라서,자연스럽고 깔끔한 인상을 만들어주는 정도 (피부결 정리),"끈적임 없음 / 빠른 흡수, 남성 전용 제품","네이버 쇼핑 / 스마트스토어, 오픈마켓 (쿠팡, 11번가, G마켓 등)",리뷰 / 커뮤니티,실제 사용자 리뷰,,
35세 - 39세,기술직/생산직,운동 / 레저 활동 시,거의 사용하지 않음,피부 트러블 발생,"끈적임 없음 / 산뜻함, 사용 편의성(선스틱, 선 밤 등)",화장한 느낌이 나는 것,과거 사용 경험 있음,,,화장처럼 보일 것 같아서,자연스럽고 깔끔한 인상을 만들어주는 정도 (피부결 정리),"끈적임 없음 / 빠른 흡수, 피부 트러블이 없음","네이버 쇼핑 / 스마트스토어, 오픈마켓 (쿠팡, 11번가, G마켓 등)",리뷰 / 커뮤니티,실제 사용자 리뷰,,
25세 - 29세,사무직 (일반 기업/공기업/공공기관 등),야외활동 / 여행 시,주 1~2회 사용,피부 트러블 발생,"발림성 (부드러움), 끈적임 없음 / 산뜻함, 백탁이 없음, 가격, 성분 안정성",기능이 애매하다고 생각,현재 사용 중,피부가 좋아 보이게 해서,약속 / 소개팅,,피부톤을 밝아지게 하는 정도,"자연스러운 피부 밝기 표현, 발림성이 좋음, 끈적임 없음 / 빠른 흡수, 피부 트러블이 없음","올리브영 오프라인 매장, 올리브영 앱 / 웹사이트, 네이버 쇼핑 / 스마트스토어, 오픈마켓 (쿠팡, 11번가, G마켓 등), 브랜드 공식몰",유튜브,실제 사용자 리뷰,"네 (들어본 적 있어요,  잘 알아요 등)",실제 사용해본 적은 없으나 좀 가격이 있고 남자들한테 친숙한 브랜드는 아닌 듯 합니다
24세 이하,사무직 (일반 기업/공기업/공공기관 등),출근 / 등교 시,거의 매일 사용,피부 트러블 발생,가격,화장한 느낌이 나는 것,과거 사용 경험 있음,,,제품에 대한 신뢰 부족,피부 결점을 커버해주는 정도,"자연스러운 피부 밝기 표현, 피부 트러블이 없음","올리브영 오프라인 매장, 올리브영 앱 / 웹사이트",유튜브,지인 추천,"네 (들어본 적 있어요,  잘 알아요 등)",헤라클래스
30세 - 34세,자영업 / 프리랜서,"중요한 일정 (미팅, 소개팅 등)",주 1~2회 사용,번거로움,"피부 표현 (톤 보정 등), 사용 편의성(선스틱, 선 밤 등)",잘 모르겠다,현재 사용 중,기타,약속 / 소개팅,,피부 결점을 커버해주는 정도,"자연스러운 피부 밝기 표현, 끈적임 없음 / 빠른 흡수","올리브영 오프라인 매장, 오픈마켓 (쿠팡, 11번가, G마켓 등)",지인 추천,지인 추천,"네 (들어본 적 있어요,  잘 알아요 등)",아모레 제품 아는 누나가 잘 사용
24세 이하,학생,외출 시 (일상),거의 매일 사용,피부 트러블 발생,"발림성 (부드러움), 성분 안정성",피부를 자연스럽게 정리해주는 제품,사용 경험 없음,,,필요성을 느끼지 못해서,자연스럽고 깔끔한 인상을 만들어주는 정도 (피부결 정리),"자연스러운 피부 밝기 표현, 끈적임 없음 / 빠른 흡수","오픈마켓 (쿠팡, 11번가, G마켓 등)",유튜브,실제 사용자 리뷰,"네 (들어본 적 있어요,  잘 알아요 등)","나이가 어느정도 있으신 분들이 좋아하는 브랜드
"
40세 - 44세,영업직 (대면/외근 중심 업무),사용하지 않음,거의 사용하지 않음,번거로움,"끈적임 없음 / 산뜻함, 성분 안정성, 사용 편의성(선스틱, 선 밤 등)",기능이 애매하다고 생각,사용 경험 없음,,,필요성을 느끼지 못해서,자연스럽고 깔끔한 인상을 만들어주는 정도 (피부결 정리),"끈적임 없음 / 빠른 흡수, 남성 전용 제품, 피부 트러블이 없음","올리브영 앱 / 웹사이트, 네이버 쇼핑 / 스마트스토어",지인 추천,실제 사용자 리뷰,"네 (들어본 적 있어요,  잘 알아요 등)",오래된 여자화장품 브랜드
24세 이하,학생,"중요한 일정 (미팅, 소개팅 등)",거의 사용하지 않음,번거로움,"피부 표현 (톤 보정 등), 끈적임 없음 / 산뜻함",화장한 느낌이 나는 것,과거 사용 경험 있음,,,사용이 번거로워서,자연스럽고 깔끔한 인상을 만들어주는 정도 (피부결 정리),"자연스러운 피부 밝기 표현, 끈적임 없음 / 빠른 흡수",네이버 쇼핑 / 스마트스토어,지인 추천,지인 추천,"네 (들어본 적 있어요,  잘 알아요 등)",어디선가 들어본 브랜드
30세 - 34세,무직 / 기타,"중요한 일정 (미팅, 소개팅 등)",거의 사용하지 않음,끈적임,"브랜드 신뢰도, 끈적임 없음 / 산뜻함, 성분 안정성",메이크업 제품에 가깝다고 생각,과거 사용 경험 있음,,,화장처럼 보일 것 같아서,피부 결점을 커버해주는 정도,"끈적임 없음 / 빠른 흡수, 남성 전용 제품, 피부 트러블이 없음","올리브영 오프라인 매장, 네이버 쇼핑 / 스마트스토어",유튜브,지인 추천,"네 (들어본 적 있어요,  잘 알아요 등)",그리스 로마신화..??
25세 - 29세,사무직 (일반 기업/공기업/공공기관 등),야외활동 / 여행 시,주 1~2회 사용,번거로움,"발림성 (부드러움), 피부 표현 (톤 보정 등), 브랜드 신뢰도, 끈적임 없음 / 산뜻함, 성분 안정성",피부를 자연스럽게 정리해주는 제품,현재 사용 중,자외선 차단과 피부 보정을 동시에 하기 위해,약속 / 소개팅,,피부톤을 밝아지게 하는 정도,"자연스러운 피부 밝기 표현, 발림성이 좋음, 끈적임 없음 / 빠른 흡수, 남성 전용 제품, 피부 트러블이 없음","올리브영 오프라인 매장, 올리브영 앱 / 웹사이트, 오픈마켓 (쿠팡, 11번가, G마켓 등)","SNS (인스타그램, 틱톡 등)",지인 추천,"네 (들어본 적 있어요,  잘 알아요 등)",아저씨 화장품
25세 - 29세,기술직/생산직,야외활동 / 여행 시,주 1~2회 사용,번들거림,"피부 표현 (톤 보정 등), 끈적임 없음 / 산뜻함",피부를 자연스럽게 정리해주는 제품,과거 사용 경험 있음,,,사용이 번거로워서,자연스럽고 깔끔한 인상을 만들어주는 정도 (피부결 정리),"자연스러운 피부 밝기 표현, 끈적임 없음 / 빠른 흡수, 남성 전용 제품","올리브영 오프라인 매장, 오픈마켓 (쿠팡, 11번가, G마켓 등)","SNS (인스타그램, 틱톡 등)",실제 사용자 리뷰,"네 (들어본 적 있어요,  잘 알아요 등)",대한민국 대표 브랜드이자 고급 브랜드
30세 - 34세,사무직 (일반 기업/공기업/공공기관 등),사용하지 않음,거의 사용하지 않음,눈 시림,"발림성 (부드러움), 끈적임 없음 / 산뜻함",메이크업 제품에 가깝다고 생각,사용 경험 없음,,,필요성을 느끼지 못해서,자연스럽고 깔끔한 인상을 만들어주는 정도 (피부결 정리),"자연스러운 피부 밝기 표현, 끈적임 없음 / 빠른 흡수",올리브영 오프라인 매장,"SNS (인스타그램, 틱톡 등)",지인 추천,"아니오, 한 번도 들어본 적 없습니다.",
25세 - 29세,사무직 (일반 기업/공기업/공공기관 등),외출 시 (일상),주 1~2회 사용,번들거림,브랜드 신뢰도,기능이 애매하다고 생각,사용 경험 없음,,,필요성을 느끼지 못해서,피부톤을 밝아지게 하는 정도,자연스러운 피부 밝기 표현,"네이버 쇼핑 / 스마트스토어, 대형마트 / 창고형 매장","SNS (인스타그램, 틱톡 등)",전문가 / 유튜버,"네 (들어본 적 있어요,  잘 알아요 등)",ㅇ
35세 - 39세,사무직 (일반 기업/공기업/공공기관 등),출근 / 등교 시,거의 매일 사용,눈 시림,성분 안정성,피부를 자연스럽게 정리해주는 제품,현재 사용 중,자외선 차단과 피부 보정을 동시에 하기 위해,출근 / 등교,,피부 결점을 커버해주는 정도,자연스러운 피부 밝기 표현,"네이버 쇼핑 / 스마트스토어, 오픈마켓 (쿠팡, 11번가, G마켓 등)","SNS (인스타그램, 틱톡 등)",실제 사용자 리뷰,"네 (들어본 적 있어요,  잘 알아요 등)",아무생각 없음
25세 - 29세,무직 / 기타,사용하지 않음,거의 사용하지 않음,번들거림,"발림성 (부드러움), 브랜드 신뢰도, 끈적임 없음 / 산뜻함, 백탁이 없음, 가격, 성분 안정성",잘 모르겠다,사용 경험 없음,,,필요성을 느끼지 못해서,자연스럽고 깔끔한 인상을 만들어주는 정도 (피부결 정리),"발림성이 좋음, 끈적임 없음 / 빠른 흡수","올리브영 오프라인 매장, 네이버 쇼핑 / 스마트스토어, 브랜드 매장 (로드샵 / 백화점)",리뷰 / 커뮤니티,실제 사용자 리뷰,"아니오, 한 번도 들어본 적 없습니다.",
25세 - 29세,기술직/생산직,운동 / 레저 활동 시,주 3~5회 사용,백탁현상,"끈적임 없음 / 산뜻함, 백탁이 없음, 성분 안정성",피부를 자연스럽게 정리해주는 제품,과거 사용 경험 있음,,,자연스럽지 않을 것 같아서,피부 결점을 커버해주는 정도,"끈적임 없음 / 빠른 흡수, 남성 전용 제품",올리브영 오프라인 매장,유튜브,전문가 / 유튜버,"네 (들어본 적 있어요,  잘 알아요 등)",선물받아서 우연히 써봤는데 좋았던 브랜드!!
25세 - 29세,자영업 / 프리랜서,외출 시 (일상),주 3~5회 사용,번거로움,브랜드 신뢰도,메이크업 제품에 가깝다고 생각,사용 경험 없음,,,제품에 대해 잘 몰라서,피부톤을 밝아지게 하는 정도,발림성이 좋음,올리브영 앱 / 웹사이트,"SNS (인스타그램, 틱톡 등)",전문가 / 유튜버,"네 (들어본 적 있어요,  잘 알아요 등)",좋은 화장품 메이커?
25세 - 29세,기술직/생산직,출근 / 등교 시,거의 매일 사용,끈적임,"피부 표현 (톤 보정 등), 가격",피부를 자연스럽게 정리해주는 제품,현재 사용 중,피부가 좋아 보이게 해서,출근 / 등교,,피부톤을 밝아지게 하는 정도,발림성이 좋음,"올리브영 앱 / 웹사이트, 네이버 쇼핑 / 스마트스토어","SNS (인스타그램, 틱톡 등)",실제 사용자 리뷰,"네 (들어본 적 있어요,  잘 알아요 등)",들어는봤다
25세 - 29세,학생,야외활동 / 여행 시,주 3~5회 사용,번거로움,"발림성 (부드러움), 피부 표현 (톤 보정 등)",피부를 자연스럽게 정리해주는 제품,현재 사용 중,피부가 좋아 보이게 해서,일상적인 외출,,피부톤을 밝아지게 하는 정도,"자연스러운 피부 밝기 표현, 피부 트러블이 없음","올리브영 오프라인 매장, 오픈마켓 (쿠팡, 11번가, G마켓 등)",지인 추천,실제 사용자 리뷰,"네 (들어본 적 있어요,  잘 알아요 등)",여성화장품 어머니화장품
25세 - 29세,사무직 (일반 기업/공기업/공공기관 등),출근 / 등교 시,주 1~2회 사용,피부 트러블 발생,백탁이 없음,메이크업 제품에 가깝다고 생각,과거 사용 경험 있음,,,제품에 대한 신뢰 부족,자연스럽고 깔끔한 인상을 만들어주는 정도 (피부결 정리),발림성이 좋음,대형마트 / 창고형 매장,유튜브,지인 추천,"네 (들어본 적 있어요,  잘 알아요 등)",
25세 - 29세,학생,출근 / 등교 시,거의 매일 사용,번들거림,"끈적임 없음 / 산뜻함, 백탁이 없음",화장한 느낌이 나는 것,과거 사용 경험 있음,,,화장처럼 보일 것 같아서,자연스럽고 깔끔한 인상을 만들어주는 정도 (피부결 정리),"자연스러운 피부 밝기 표현, 끈적임 없음 / 빠른 흡수","올리브영 오프라인 매장, 올리브영 앱 / 웹사이트, 오픈마켓 (쿠팡, 11번가, G마켓 등)",유튜브,실제 사용자 리뷰,"네 (들어본 적 있어요,  잘 알아요 등)",
24세 이하,무직 / 기타,사용하지 않음,거의 사용하지 않음,끈적임,"발림성 (부드러움), 피부 표현 (톤 보정 등)",잘 모르겠다,사용 경험 없음,,,제품에 대해 잘 몰라서,자연스럽고 깔끔한 인상을 만들어주는 정도 (피부결 정리),"끈적임 없음 / 빠른 흡수, 피부 트러블이 없음","올리브영 오프라인 매장, SNS / 라이브커머스","SNS (인스타그램, 틱톡 등)",실제 사용자 리뷰,"아니오, 한 번도 들어본 적 없습니다.",
25세 - 29세,자영업 / 프리랜서,외출 시 (일상),거의 매일 사용,끈적임,끈적임 없음 / 산뜻함,피부를 자연스럽게 정리해주는 제품,현재 사용 중,피부가 좋아 보이게 해서,일상적인 외출,,자연스럽고 깔끔한 인상을 만들어주는 정도 (피부결 정리),"자연스러운 피부 밝기 표현, 끈적임 없음 / 빠른 흡수","올리브영 오프라인 매장, 올리브영 앱 / 웹사이트",리뷰 / 커뮤니티,실제 사용자 리뷰,"네 (들어본 적 있어요,  잘 알아요 등)","굳
"
30세 - 34세,무직 / 기타,"중요한 일정 (미팅, 소개팅 등)",거의 사용하지 않음,피부 트러블 발생,"피부 표현 (톤 보정 등), 끈적임 없음 / 산뜻함",피부를 자연스럽게 정리해주는 제품,과거 사용 경험 있음,,,사용이 번거로워서,자연스럽고 깔끔한 인상을 만들어주는 정도 (피부결 정리),"자연스러운 피부 밝기 표현, 발림성이 좋음","올리브영 오프라인 매장, 브랜드 공식몰","SNS (인스타그램, 틱톡 등)",브랜드 공식 정보,"네 (들어본 적 있어요,  잘 알아요 등)","고급스러운 브랜드, 20~30대 후반이 사용하는 브랜드"
35세 - 39세,사무직 (일반 기업/공기업/공공기관 등),외출 시 (일상),거의 매일 사용,끈적임,"발림성 (부드러움), 피부 표현 (톤 보정 등), 끈적임 없음 / 산뜻함",메이크업 제품에 가깝다고 생각,사용 경험 없음,,,화장처럼 보일 것 같아서,자연스럽고 깔끔한 인상을 만들어주는 정도 (피부결 정리),자연스러운 피부 밝기 표현,올리브영 앱 / 웹사이트,리뷰 / 커뮤니티,실제 사용자 리뷰,"네 (들어본 적 있어요,  잘 알아요 등)",고급 화장품
30세 - 34세,사무직 (일반 기업/공기업/공공기관 등),외출 시 (일상),주 3~5회 사용,번거로움,"발림성 (부드러움), 피부 표현 (톤 보정 등)",피부를 자연스럽게 정리해주는 제품,현재 사용 중,피부가 좋아 보이게 해서,출근 / 등교,,자연스럽고 깔끔한 인상을 만들어주는 정도 (피부결 정리),"발림성이 좋음, 끈적임 없음 / 빠른 흡수",올리브영 오프라인 매장,유튜브,지인 추천,"네 (들어본 적 있어요,  잘 알아요 등)",고급ㅂ
35세 - 39세,사무직 (일반 기업/공기업/공공기관 등),출근 / 등교 시,거의 매일 사용,백탁현상,"발림성 (부드러움), 피부 표현 (톤 보정 등)",피부를 자연스럽게 정리해주는 제품,현재 사용 중,자외선 차단과 피부 보정을 동시에 하기 위해,출근 / 등교,,피부톤을 밝아지게 하는 정도,"자연스러운 피부 밝기 표현, 발림성이 좋음","올리브영 오프라인 매장, 네이버 쇼핑 / 스마트스토어","SNS (인스타그램, 틱톡 등)",실제 사용자 리뷰,"네 (들어본 적 있어요,  잘 알아요 등)",가격대가 좀 있는 어른 브랜드 
